name,size_of_the_bottle,MRP_of_the_bottle,price_of_the_bottle,Product_url
Dr Willmar Schwabe India Berberis Aquifolium Mother Tincture Q,bottle of 30 ml Mother Tincture,220,180,https://www.1mg.com/otc/dr-willmar-schwabe-india-berberis-aquifolium-mother-tincture-q-otc390797
Dr Willmar Schwabe Germany Cineraria Maritima Without Alcohol Eye Drop,bottle of 10 ml Eye Drop,175,154,https://www.1mg.com/otc/dr-willmar-schwabe-germany-cineraria-maritima-without-alcohol-eye-drop-otc326131
SBL Arnica Montana Herbal Shampoo with TJC,bottle of 200 ml Shampoo,170,150,https://www.1mg.com/otc/sbl-arnica-montana-herbal-shampoo-with-tjc-otc329025
Boericke and Tafel Arnica Shampoo,pump bottle of 250 ml Shampoo,200,180,https://www.1mg.com/otc/boericke-and-tafel-arnica-shampoo-otc418583
Dr. Reckeweg R78 Eye Care Drop,bottle of 22 ml Drop,270,243,https://www.1mg.com/otc/dr.-reckeweg-r78-eye-care-drop-otc327376
Bakson's Vitamin D Plus Capsule,box of 50 capsules,250,225,https://www.1mg.com/otc/bakson-s-vitamin-d-plus-capsule-otc325885
Hapdco Rheumacon Pain Relief Oil,bottle of 60 ml Oil,175,154,https://www.1mg.com/otc/hapdco-rheumacon-pain-relief-oil-otc659823
Fourrts Gum Forte Gel Homoeopathic Toothpaste,tube of 100 gm Gel,100,94,https://www.1mg.com/otc/fourrts-gum-forte-gel-homoeopathic-toothpaste-otc226835
SBL Jaborandi Hair Oil,bottle of 200 ml Oil,270,218,https://www.1mg.com/otc/sbl-jaborandi-hair-oil-otc329035
SBL Cineraria Maritima 10% Eye Drop,bottle of 10 ml Eye Drop,135,124,https://www.1mg.com/otc/sbl-cineraria-maritima-10-eye-drop-otc329014
ADEL Diacard Gold Madaus Drop Homeopathic Medicine,bottle of 25 ml Drop,550,494,https://www.1mg.com/otc/adel-diacard-gold-madaus-drop-homeopathic-medicine-otc326050
Bjain Guatteria Gaumeri Drop,bottle of 30 ml Drop,365,321,https://www.1mg.com/otc/bjain-guatteria-gaumeri-drop-otc327159
SBL Sarracenia Purpurea Dilution 1000 CH,bottle of 30 ml Dilution,140,123,https://www.1mg.com/otc/sbl-sarracenia-purpurea-dilution-1000-ch-otc358168
Dr. Reckeweg Calcarea Phosphorica Biochemic Tablet 6X,bottle of 20 gm Biochemic Tablet,185,179,https://www.1mg.com/otc/dr.-reckeweg-calcarea-phosphorica-biochemic-tablet-6x-otc325463
Dr. Reckeweg R41 Sexual Neurasthenia Drop,bottle of 22 ml Drop,270,224,https://www.1mg.com/otc/dr.-reckeweg-r41-sexual-neurasthenia-drop-otc327434
Bakson Y-Lax Tablet,bottle of 200 tablets,500,364,https://www.1mg.com/otc/bakson-y-lax-tablet-otc648470
Bakson Y-Lax Tablet,bottle of 75 tablets,215,209,https://www.1mg.com/otc/bakson-y-lax-tablet-otc400769
Dr Willmar Schwabe India Thyroidinum Trituration Tablet 3X,bottle of 20 gm Trituration Tablet,190,172,https://www.1mg.com/otc/dr-willmar-schwabe-india-thyroidinum-trituration-tablet-3x-otc324953
SBL Stobal Cough Syrup,bottle of 180 ml Syrup,175,143,https://www.1mg.com/otc/sbl-stobal-cough-syrup-otc328988
Dr. Reckeweg Berberis Vul Mother Tincture Q,bottle of 20 ml Mother Tincture,255,229,https://www.1mg.com/otc/dr.-reckeweg-berberis-vul-mother-tincture-q-otc327784
Dr. Reckeweg R73 Joint Pain Drop,bottle of 22 ml Drop,270,238,https://www.1mg.com/otc/dr.-reckeweg-r73-joint-pain-drop-otc327364
Dr. Reckeweg R89 Hair Care Drop,bottle of 30 ml Drop,310,273,https://www.1mg.com/otc/dr.-reckeweg-r89-hair-care-drop-otc326064
Dr Willmar Schwabe India Damiaplant Drop,bottle of 30 ml Drop,425,374,https://www.1mg.com/otc/dr-willmar-schwabe-india-damiaplant-drop-otc325889
SBL Arnica Montana Hair Oil with Tjc,bottle of 200 ml Oil,160,132,https://www.1mg.com/otc/sbl-arnica-montana-hair-oil-with-tjc-otc330951
SBL Nux Vomica Dilution 30 CH,bottle of 30 ml Dilution,100,90,https://www.1mg.com/otc/sbl-nux-vomica-dilution-30-ch-otc338194
SBL Scalptone Tablet,bottle of 25 gm Tablet,165,152,https://www.1mg.com/otc/sbl-scalptone-tablet-otc326111
SBL Clearstone Drop,bottle of 30 ml Drop,165,145,https://www.1mg.com/otc/sbl-clearstone-drop-otc326121
Dr. Reckeweg R13 Hemorrhoidal Drop,bottle of 22 ml Drop,270,238,https://www.1mg.com/otc/dr.-reckeweg-r13-hemorrhoidal-drop-otc327481
Bhargava Spondin Drop,bottle of 30 ml Drop,185,170,https://www.1mg.com/otc/bhargava-spondin-drop-otc325892
Dr. Reckeweg R25 Prostatitis Drop,bottle of 22 ml Drop,270,238,https://www.1mg.com/otc/dr.-reckeweg-r25-prostatitis-drop-otc326058
Bakson Aller Aid Tablet,bottle of 200 tablets,500,440,https://www.1mg.com/otc/bakson-aller-aid-tablet-otc326090
SBL Nux Vomica Dilution 200 CH,bottle of 30 ml Dilution,115,101,https://www.1mg.com/otc/sbl-nux-vomica-dilution-200-ch-otc338195
SBL Berberis Vulgaris Mother Tincture Q,bottle of 30 ml Mother Tincture,105,92,https://www.1mg.com/otc/sbl-berberis-vulgaris-mother-tincture-q-otc348876
Dr. Reckeweg R40 Diabetes Drop Homeopathic Medicine,bottle of 22 ml Drop,270,238,https://www.1mg.com/otc/dr.-reckeweg-r40-diabetes-drop-homeopathic-medicine-otc326035
SBL Syzygium Jambolanum Mother Tincture Q,bottle of 30 ml Mother Tincture,105,91,https://www.1mg.com/otc/sbl-syzygium-jambolanum-mother-tincture-q-otc338412
SBL Arnica Montana Dilution 200 CH,bottle of 30 ml Dilution,115,104,https://www.1mg.com/otc/sbl-arnica-montana-dilution-200-ch-otc338216
SBL Berberis Aquifolium Gel,tube of 25 gm Gel,75,68,https://www.1mg.com/otc/sbl-berberis-aquifolium-gel-otc330988
Dr. Reckeweg R42 Varicosis Drop,bottle of 22 ml Drop,270,238,https://www.1mg.com/otc/dr.-reckeweg-r42-varicosis-drop-otc326032
Dr. Reckeweg R71 Sciatica Drop,bottle of 22 ml Drop,270,243,https://www.1mg.com/otc/dr.-reckeweg-r71-sciatica-drop-otc325999
SBL Tonicard Gold Drop Homeopathic Medicine,bottle of 100 ml Drop,425,374,https://www.1mg.com/otc/sbl-tonicard-gold-drop-homeopathic-medicine-otc329006
Dr. Reckeweg R5 Stomach and Digestion Drop,bottle of 22 ml Drop,270,238,https://www.1mg.com/otc/dr.-reckeweg-r5-stomach-and-digestion-drop-otc326077
SBL Calcarea Fluorica Biochemic Tablet 6X,bottle of 25 gm Biochemic Tablet,110,97,https://www.1mg.com/otc/sbl-calcarea-fluorica-biochemic-tablet-6x-otc331087
SBL Kali Phosphoricum Biochemic Tablet 6X,bottle of 25 gm Biochemic Tablet,110,97,https://www.1mg.com/otc/sbl-kali-phosphoricum-biochemic-tablet-6x-otc331042
Dr. Reckeweg R11 Rheumatism Drop,bottle of 22 ml Drop,270,255,https://www.1mg.com/otc/dr.-reckeweg-r11-rheumatism-drop-otc327504
Dr. Reckeweg R7 Liver and Gallbladder Drop,bottle of 22 ml Drop,270,238,https://www.1mg.com/otc/dr.-reckeweg-r7-liver-and-gallbladder-drop-otc326075
Dr Willmar Schwabe Germany Cineraria Maritima Schwabe Eye Drop Alcohol Free,bottle of 10 ml Eye Drop,200,188,https://www.1mg.com/otc/dr-willmar-schwabe-germany-cineraria-maritima-schwabe-eye-drop-alcohol-free-otc824401
Dr. Reckeweg R59 Weight Loss,bottle of 22 ml Drop,270,243,https://www.1mg.com/otc/dr.-reckeweg-r59-weight-loss-otc326007
Dr. Reckeweg R65 Psoriasis Drop,bottle of 22 ml Drop,270,238,https://www.1mg.com/otc/dr.-reckeweg-r65-psoriasis-drop-otc326001
Bakson Throat Aid Tablet,bottle of 200 tablets,500,342,https://www.1mg.com/otc/bakson-throat-aid-tablet-otc502934
SBL Prostonum Drop,bottle of 30 ml Drop,170,150,https://www.1mg.com/otc/sbl-prostonum-drop-otc329004
SBL Jaborandi Mother Tincture Q,bottle of 30 ml Mother Tincture,150,132,https://www.1mg.com/otc/sbl-jaborandi-mother-tincture-q-otc338446
SBL Liv T Tonic,bottle of 180 ml Tonic,170,150,https://www.1mg.com/otc/sbl-liv-t-tonic-otc328967
SBL Chelidonium Majus Mother Tincture Q,bottle of 30 ml Mother Tincture,150,132,https://www.1mg.com/otc/sbl-chelidonium-majus-mother-tincture-q-otc338503
Allen A84 Lipoma Drop,bottle of 30 ml Drop,170,153,https://www.1mg.com/otc/allen-a84-lipoma-drop-otc330453
SBL Calcarea Phosphorica Biochemic Tablet 6X,bottle of 25 gm Biochemic Tablet,110,97,https://www.1mg.com/otc/sbl-calcarea-phosphorica-biochemic-tablet-6x-otc331091
SBL Alfalfa Tonic with Ginseng,bottle of 180 ml Tonic,175,139,https://www.1mg.com/otc/sbl-alfalfa-tonic-with-ginseng-otc328976
Bakson Aller Aid Tablet,bottle of 75 tablets,215,189,https://www.1mg.com/otc/bakson-aller-aid-tablet-otc388848
Bakson Throat Aid Tablet,bottle of 75 tablets,215,189,https://www.1mg.com/otc/bakson-throat-aid-tablet-otc325990
Dr. Reckeweg Kali Phosphoricum Biochemic Tablet 6X,bottle of 20 gm Biochemic Tablet,185,166,https://www.1mg.com/otc/dr.-reckeweg-kali-phosphoricum-biochemic-tablet-6x-otc334909
Dr. Reckeweg Aalserum 7X Mother Tincture Q,bottle of 20 ml Mother Tincture,255,230,https://www.1mg.com/otc/dr.-reckeweg-aalserum-7x-mother-tincture-q-otc327821
Dr. Reckeweg Testes Siccati Trituration Tablet 3X,bottle of 20 gm Trituration Tablet,240,211,https://www.1mg.com/otc/dr.-reckeweg-testes-siccati-trituration-tablet-3x-otc326929
SBL Dibonil Drop,bottle of 30 ml Drop,135,119,https://www.1mg.com/otc/sbl-dibonil-drop-otc327094
SBL Arsenicum Album Dilution 30 CH,bottle of 30 ml Dilution,100,90,https://www.1mg.com/otc/sbl-arsenicum-album-dilution-30-ch-otc338369
SBL Phytolacca Berry Mother Tincture Q,bottle of 30 ml Mother Tincture,240,211,https://www.1mg.com/otc/sbl-phytolacca-berry-mother-tincture-q-otc338433
SBL Arnica Montana Dilution 30 CH,bottle of 30 ml Dilution,100,88,https://www.1mg.com/otc/sbl-arnica-montana-dilution-30-ch-otc338218
SBL Hydrastis Canadensis Mother Tincture Q,bottle of 30 ml Mother Tincture,100,425,https://www.1mg.com/otc/sbl-hydrastis-canadensis-mother-tincture-q-otc338448
SBL Thuja Occidentalis Dilution 200 CH,bottle of 30 ml Dilution,115,106,https://www.1mg.com/otc/sbl-thuja-occidentalis-dilution-200-ch-otc338170
Bakson's Vitamin D Plus Tablet,bottle of 30 tablets,160,141,https://www.1mg.com/otc/bakson-s-vitamin-d-plus-tablet-otc513616
Dr. Reckeweg R49 Sinus Drop,bottle of 22 ml Drop,270,240,https://www.1mg.com/otc/dr.-reckeweg-r49-sinus-drop-otc327421
Wheezal Mel-X Melasma Tablet,bottle of 75 tablets,230,207,https://www.1mg.com/otc/wheezal-mel-x-melasma-tablet-otc713525
Dr. Reckeweg R85 High Blood Pressure Drop,bottle of 30 ml Drop,310,273,https://www.1mg.com/otc/dr.-reckeweg-r85-high-blood-pressure-drop-otc326018
SBL Bio-Combination 20 Tablet,bottle of 25 gm Biocombination Tablet,110,97,https://www.1mg.com/otc/sbl-bio-combination-20-tablet-otc331069
New Life NL-2 Blood Urea Creatinin Drop,bottle of 30 ml Drop,150,104,https://www.1mg.com/otc/new-life-nl-2-blood-urea-creatinin-drop-otc326171
Dr. Reckeweg R27 Renal Calculi Drop,bottle of 22 ml Drop,270,238,https://www.1mg.com/otc/dr.-reckeweg-r27-renal-calculi-drop-otc326057
Dr. Reckeweg Rhus Tox Dilution 200 CH,bottle of 11 ml Dilution,160,144,https://www.1mg.com/otc/dr.-reckeweg-rhus-tox-dilution-200-ch-otc331703
Dr. Reckeweg Nux Vomica Dilution 30 CH,bottle of 11 ml Dilution,160,135,https://www.1mg.com/otc/dr.-reckeweg-nux-vomica-dilution-30-ch-otc336264
SBL Five Phos Tablet 6X,bottle of 25 gm Tablet,110,99,https://www.1mg.com/otc/sbl-five-phos-tablet-6x-otc608306
SBL Sabal Serrulata Mother Tincture Q,bottle of 30 ml Mother Tincture,280,274,https://www.1mg.com/otc/sbl-sabal-serrulata-mother-tincture-q-otc338421
SBL Rhus Toxicodendron Dilution 200 CH,bottle of 30 ml Dilution,115,101,https://www.1mg.com/otc/sbl-rhus-toxicodendron-dilution-200-ch-otc338182
Dr. Reckeweg R16 Migraine and Neuralgia Drop,bottle of 22 ml Drop,270,252,https://www.1mg.com/otc/dr.-reckeweg-r16-migraine-and-neuralgia-drop-otc326067
SBL Berberis Aquifolium Mother Tincture Q,bottle of 30 ml Mother Tincture,240,211,https://www.1mg.com/otc/sbl-berberis-aquifolium-mother-tincture-q-otc338512
SBL Rite-Hite Tablet,bottle of 25 gm Tablet,165,145,https://www.1mg.com/otc/sbl-rite-hite-tablet-otc329012
SBL Crataegus Oxyacantha Q Mother Tincture,bottle of 30 ml Mother Tincture,105,92,https://www.1mg.com/otc/sbl-crataegus-oxyacantha-q-mother-tincture-otc338491
Dr. Reckeweg Ashwagandha Mother Tincture Q,bottle of 20 ml Mother Tincture,105,335,https://www.1mg.com/otc/dr.-reckeweg-ashwagandha-mother-tincture-q-otc327798
SBL Arnica Montana Mother Tincture Q,bottle of 30 ml Mother Tincture,240,211,https://www.1mg.com/otc/sbl-arnica-montana-mother-tincture-q-otc338517
Hapdco Aqui Plus Cream,tube of 25 gm Cream,110,107,https://www.1mg.com/otc/hapdco-aqui-plus-cream-otc357587
SBL Damiagra Forte Drop,bottle of 30 ml Drop,400,352,https://www.1mg.com/otc/sbl-damiagra-forte-drop-otc385769
Bakson's Calcarea Phosphorica Biochemic Tablet 6X,bottle of 4500 biochemic tablets,720,634,https://www.1mg.com/otc/bakson-s-calcarea-phosphorica-biochemic-tablet-6x-otc695108
Dr. Reckeweg R9 Cough Drop,bottle of 22 ml Drop,270,243,https://www.1mg.com/otc/dr.-reckeweg-r9-cough-drop-otc326072
Dr. Reckeweg R82 Anti Fungal Drop,bottle of 30 ml Drop,310,296,https://www.1mg.com/otc/dr.-reckeweg-r82-anti-fungal-drop-otc326002
SBL Lycopodium Clavatum Dilution 30 CH,bottle of 30 ml Dilution,100,92,https://www.1mg.com/otc/sbl-lycopodium-clavatum-dilution-30-ch-otc338200
Dr. Reckeweg Bio-Combination 21 (BC 21) Tablet,bottle of 20 gm Biocombination Tablet,185,163,https://www.1mg.com/otc/dr.-reckeweg-bio-combination-21-bc-21-tablet-otc326262
Dr. Reckeweg R84 Inhalent Allergy Drop,bottle of 30 ml Drop,310,308,https://www.1mg.com/otc/dr.-reckeweg-r84-inhalent-allergy-drop-otc326011
SBL Bryonia Alba Dilution 30 CH,bottle of 30 ml Dilution,100,92,https://www.1mg.com/otc/sbl-bryonia-alba-dilution-30-ch-otc346050
SBL Calendula Cream,tube of 25 gm Cream,75,67,https://www.1mg.com/otc/sbl-calendula-cream-otc330989
Dr. Reckeweg V-C 15 Forte Tonic,box of 12 tonics,1170,968,https://www.1mg.com/otc/dr.-reckeweg-v-c-15-forte-tonic-otc327329
Bakson Rheum Aid Tablet,bottle of 200 tablets,500,440,https://www.1mg.com/otc/bakson-rheum-aid-tablet-otc386770
Bakson Gastro Aid Tablet,bottle of 200 tablets,500,440,https://www.1mg.com/otc/bakson-gastro-aid-tablet-otc386762
SBL Magnesia Phosphorica Biochemic Tablet 6X,bottle of 25 gm Biochemic Tablet,110,88,https://www.1mg.com/otc/sbl-magnesia-phosphorica-biochemic-tablet-6x-otc331031
Medisynth Wartex Cream,tube of 20 gm Cream,100,98,https://www.1mg.com/otc/medisynth-wartex-cream-otc339265
SBL Gymnema Sylvestre Mother Tincture Q,bottle of 30 ml Mother Tincture,105,92,https://www.1mg.com/otc/sbl-gymnema-sylvestre-mother-tincture-q-otc338482
SBL Bio-Combination 21 Tablet,bottle of 25 gm Biocombination Tablet,110,97,https://www.1mg.com/otc/sbl-bio-combination-21-tablet-otc331070
Dr. Reckeweg Lycopodium Dilution 200 CH,bottle of 11 ml Dilution,160,144,https://www.1mg.com/otc/dr.-reckeweg-lycopodium-dilution-200-ch-otc336001
ADEL 4 Apo-Rheum Drop,bottle of 20 ml Drop,295,260,https://www.1mg.com/otc/adel-4-apo-rheum-drop-otc325870
SBL FP-Tabs Tablet,bottle of 25 gm Tablet,165,152,https://www.1mg.com/otc/sbl-fp-tabs-tablet-otc329015
Bakson's Magnesium Phosphoricum Biochemic Tablet 6X,bottle of 4500 biochemic tablets,720,634,https://www.1mg.com/otc/bakson-s-magnesium-phosphoricum-biochemic-tablet-6x-otc695225
Bakson's Kali Phosphoricum Biochemic Tablet 6X,bottle of 4500 biochemic tablets,720,634,https://www.1mg.com/otc/bakson-s-kali-phosphoricum-biochemic-tablet-6x-otc695198
Bakson's Calcarea Phosphorica Biochemic Tablet 3X,bottle of 4500 biochemic tablets,655,563,https://www.1mg.com/otc/bakson-s-calcarea-phosphorica-biochemic-tablet-3x-otc695106
Dr Willmar Schwabe Germany Biofungin Syrup,bottle of 250 ml Syrup,847,756,https://www.1mg.com/otc/dr-willmar-schwabe-germany-biofungin-syrup-otc326130
Dr. Reckeweg R18 Kidney And Bladder Drop,bottle of 22 ml Drop,270,238,https://www.1mg.com/otc/dr.-reckeweg-r18-kidney-and-bladder-drop-otc326065
SBL Homeocal Tablet,bottle of 25 gm Tablet,165,144,https://www.1mg.com/otc/sbl-homeocal-tablet-otc326109
Bakson Pilgo Tablet,bottle of 75 tablets,215,189,https://www.1mg.com/otc/bakson-pilgo-tablet-otc327078
SBL Bio-Combination 25 Tablet,bottle of 25 gm Biocombination Tablet,110,97,https://www.1mg.com/otc/sbl-bio-combination-25-tablet-otc331077
SBL Rauwolfia Serpentina Mother Tincture Q,bottle of 30 ml Mother Tincture,105,100,https://www.1mg.com/otc/sbl-rauwolfia-serpentina-mother-tincture-q-otc338425
New Life Bach Flower Rescue Remedy 30,bottle of 30 ml Dilution,125,113,https://www.1mg.com/otc/new-life-bach-flower-rescue-remedy-30-otc386623
SBL Tribulus Terrestris Mother Tincture Q,bottle of 30 ml Mother Tincture,105,83,https://www.1mg.com/otc/sbl-tribulus-terrestris-mother-tincture-q-otc348982
Wheezal Hekla Lava Dental Cream,tube of 100 gm Cream,85,81,https://www.1mg.com/otc/wheezal-hekla-lava-dental-cream-otc339191
SBL Arnica Gel,tube of 25 gm Gel,75,66,https://www.1mg.com/otc/sbl-arnica-gel-otc330982
Bakson Pilgo Tablet,bottle of 200 tablets,500,376,https://www.1mg.com/otc/bakson-pilgo-tablet-otc386760
SBL Sulphur Dilution 200 CH,bottle of 30 ml Dilution,115,101,https://www.1mg.com/otc/sbl-sulphur-dilution-200-ch-otc338173
SBL Bio-Combination 6 Tablet,bottle of 25 gm Biocombination Tablet,110,93,https://www.1mg.com/otc/sbl-bio-combination-6-tablet-otc331025
SBL Carbo Vegetabilis Dilution 30 CH,bottle of 30 ml Dilution,100,88,https://www.1mg.com/otc/sbl-carbo-vegetabilis-dilution-30-ch-otc338206
Dr. Reckeweg R2 Essentia Aurea-Gold Drop,bottle of 22 ml Drop,270,243,https://www.1mg.com/otc/dr.-reckeweg-r2-essentia-aurea-gold-drop-otc327508
Bakson Homoeopathic Formula 'D' Tablet,bottle of 75 tablets,215,167,https://www.1mg.com/otc/bakson-homoeopathic-formula-d-tablet-otc358328
SBL Cineraria Maritima Euphrasia Eye Drop,bottle of 10 ml Eye Drop,125,115,https://www.1mg.com/otc/sbl-cineraria-maritima-euphrasia-eye-drop-otc329019
Hapdco Marks Go Cream,tube of 25 gm Cream,110,84,https://www.1mg.com/otc/hapdco-marks-go-cream-otc350392
Dr. Reckeweg R14 Nerve And Sleep Drop,bottle of 22 ml Drop,270,264,https://www.1mg.com/otc/dr.-reckeweg-r14-nerve-and-sleep-drop-otc326070
SBL Alfalfa Malt Energy Stimulant Delicious Chocolate,jar of 450 gm Paste,355,296,https://www.1mg.com/otc/sbl-alfalfa-malt-energy-stimulant-delicious-chocolate-otc325799
Bakson's Magnesium Phosphoricum Biochemic Tablet 6X,bottle of 250 biochemic tablets,120,108,https://www.1mg.com/otc/bakson-s-magnesium-phosphoricum-biochemic-tablet-6x-otc695224
Medisynth Pilen Forte Drop,bottle of 30 ml Drop,175,158,https://www.1mg.com/otc/medisynth-pilen-forte-drop-otc375718
SBL Terminalia Arjuna Mother Tincture Q,bottle of 30 ml Mother Tincture,105,92,https://www.1mg.com/otc/sbl-terminalia-arjuna-mother-tincture-q-otc338411
ADEL 39 Apo-Sciatica Drop,bottle of 20 ml Drop,295,266,https://www.1mg.com/otc/adel-39-apo-sciatica-drop-otc326085
SBL Nixocid Tablet,bottle of 25 gm Tablet,165,148,https://www.1mg.com/otc/sbl-nixocid-tablet-otc326119
SBL Urtica Urens Mother Tincture Q,bottle of 30 ml Mother Tincture,105,92,https://www.1mg.com/otc/sbl-urtica-urens-mother-tincture-q-otc338407
Dr. Reckeweg Lycopodium Dilution 30 CH,bottle of 11 ml Dilution,135,121,https://www.1mg.com/otc/dr.-reckeweg-lycopodium-dilution-30-ch-otc327871
Dr Willmar Schwabe India Cydonia Vulgaris Mother Tincture Q,bottle of 30 ml Mother Tincture,275,250,https://www.1mg.com/otc/dr-willmar-schwabe-india-cydonia-vulgaris-mother-tincture-q-otc453360
Dr. Reckeweg Arsenicum Album 30 CH Dilution,bottle of 11 ml Dilution,135,121,https://www.1mg.com/otc/dr.-reckeweg-arsenicum-album-30-ch-dilution-otc328906
SBL Bryonia Alba Dilution 200 CH,bottle of 30 ml Dilution,115,101,https://www.1mg.com/otc/sbl-bryonia-alba-dilution-200-ch-otc346051
Bakson's Kali Phosphoricum Biochemic Tablet 12X,bottle of 4500 biochemic tablets,720,619,https://www.1mg.com/otc/bakson-s-kali-phosphoricum-biochemic-tablet-12x-otc695192
SBL Belladonna Dilution 30 CH,bottle of 30 ml Dilution,100,92,https://www.1mg.com/otc/sbl-belladonna-dilution-30-ch-otc338213
Dr Willmar Schwabe India Arnica Montana Mother Tincture Q,bottle of 30 ml Mother Tincture,220,202,https://www.1mg.com/otc/dr-willmar-schwabe-india-arnica-montana-mother-tincture-q-otc390782
Dr. Reckeweg Nux Vomica Dilution 200 CH,bottle of 11 ml Dilution,160,144,https://www.1mg.com/otc/dr.-reckeweg-nux-vomica-dilution-200-ch-otc336265
SBL Passiflora Incarnata Mother Tincture Q,bottle of 30 ml Mother Tincture,125,113,https://www.1mg.com/otc/sbl-passiflora-incarnata-mother-tincture-q-otc338434
Haslab Drox 24 Sciatec Drop,bottle of 30 ml Drop,160,144,https://www.1mg.com/otc/haslab-drox-24-sciatec-drop-otc339527
SBL Avena Sativa Mother Tincture Q,bottle of 30 ml Mother Tincture,105,94,https://www.1mg.com/otc/sbl-avena-sativa-mother-tincture-q-otc338515
Allen A87 Creatinine & Blood Urea Drop,bottle of 30 ml Drop,170,123,https://www.1mg.com/otc/allen-a87-creatinine-blood-urea-drop-otc330464
SBL Caladium Seguinum Dilution 30 CH,bottle of 30 ml Dilution,100,87,https://www.1mg.com/otc/sbl-caladium-seguinum-dilution-30-ch-otc346065
SBL Damiana Mother Tincture Q,bottle of 30 ml Mother Tincture,150,124,https://www.1mg.com/otc/sbl-damiana-mother-tincture-q-otc338489
SBL Thuja Ointment,tube of 25 gm Ointment,75,68,https://www.1mg.com/otc/sbl-thuja-ointment-otc331009
Bakson Sinus Aid Tablet,bottle of 75 tablets,215,189,https://www.1mg.com/otc/bakson-sinus-aid-tablet-otc325988
New Life NL-3 Blood Cholestrol Drop,bottle of 30 ml Drop,150,132,https://www.1mg.com/otc/new-life-nl-3-blood-cholestrol-drop-otc326170
SBL Five Phos A+ Nerve Tonic,bottle of 115 ml Tonic,130,119,https://www.1mg.com/otc/sbl-five-phos-a-nerve-tonic-otc396895
Dr Willmar Schwabe India Sabal Serrulata Mother Tincture Q,bottle of 30 ml Mother Tincture,320,282,https://www.1mg.com/otc/dr-willmar-schwabe-india-sabal-serrulata-mother-tincture-q-otc391635
Dr. Reckeweg Vita-C 15 Sedative Nerve Tonic,bottle of 250 ml Tonic,695,588,https://www.1mg.com/otc/dr.-reckeweg-vita-c-15-sedative-nerve-tonic-otc325996
Dr. Reckeweg R95 Alfalfa Tonic,bottle of 250 ml Tonic,645,580,https://www.1mg.com/otc/dr.-reckeweg-r95-alfalfa-tonic-otc336743
Dr. Reckeweg R3 Heart Drop,bottle of 22 ml Drop,270,243,https://www.1mg.com/otc/dr.-reckeweg-r3-heart-drop-otc326082
Dr. Reckeweg R1 Inflammation Drop,bottle of 22 ml Drop,270,238,https://www.1mg.com/otc/dr.-reckeweg-r1-inflammation-drop-otc327511
Dr. Reckeweg R29 Vertigo And Syncope Drop,bottle of 22 ml Drop,270,252,https://www.1mg.com/otc/dr.-reckeweg-r29-vertigo-and-syncope-drop-otc327467
SBL Thuja Roll-On,bottle of 10 ml Liquid,50,45,https://www.1mg.com/otc/sbl-thuja-roll-on-otc337713
Dr. Reckeweg Bio-Combination 20 (BC 20) Tablet,bottle of 20 gm Biocombination Tablet,185,167,https://www.1mg.com/otc/dr.-reckeweg-bio-combination-20-bc-20-tablet-otc326263
SBL Cephalandra Indica Mother Tincture Q,bottle of 30 ml Mother Tincture,105,91,https://www.1mg.com/otc/sbl-cephalandra-indica-mother-tincture-q-otc338504
SBL Carduus Marianus Mother Tincture Q,bottle of 30 ml Mother Tincture,150,135,https://www.1mg.com/otc/sbl-carduus-marianus-mother-tincture-q-otc338507
Dr. Reckeweg Aconitum Napellus Dilution 30 CH,bottle of 11 ml Dilution,135,121,https://www.1mg.com/otc/dr.-reckeweg-aconitum-napellus-dilution-30-ch-otc326806
Dr. Reckeweg R64 Albuminuria Drop,bottle of 22 ml Drop,270,238,https://www.1mg.com/otc/dr.-reckeweg-r64-albuminuria-drop-otc327393
Bjain Syzygium Jambolanum Mother Tincture Q,bottle of 100 ml Mother Tincture,195,172,https://www.1mg.com/otc/bjain-syzygium-jambolanum-mother-tincture-q-otc329100
SBL Euphrasia 10% Eye Drop,bottle of 10 ml Eye Drop,90,81,https://www.1mg.com/otc/sbl-euphrasia-10-eye-drop-otc326104
Dr Willmar Schwabe Germany Gastrobin Drop,bottle of 20 ml Drop,230,202,https://www.1mg.com/otc/dr-willmar-schwabe-germany-gastrobin-drop-otc326129
SBL Bio-Combination 19 Tablet,bottle of 25 gm Biocombination Tablet,110,97,https://www.1mg.com/otc/sbl-bio-combination-19-tablet-otc331068
Dr Willmar Schwabe India Alpha-Liv Liver Tonic,bottle of 500 ml Tonic,350,308,https://www.1mg.com/otc/dr-willmar-schwabe-india-alpha-liv-liver-tonic-otc492430
Dr. Reckeweg Arnica Mont Dilution 200 CH,bottle of 11 ml Dilution,160,148,https://www.1mg.com/otc/dr.-reckeweg-arnica-mont-dilution-200-ch-otc335897
Dr Willmar Schwabe India Cydonia Vulgaris Dilution 30 CH,bottle of 30 ml Dilution,100,85,https://www.1mg.com/otc/dr-willmar-schwabe-india-cydonia-vulgaris-dilution-30-ch-otc372354
SBL Lycopodium Clavatum Dilution 200 CH,bottle of 30 ml Dilution,115,106,https://www.1mg.com/otc/sbl-lycopodium-clavatum-dilution-200-ch-otc338199
SBL Mullein Ear Drop,bottle of 10 ml Ear Drop,65,57,https://www.1mg.com/otc/sbl-mullein-ear-drop-otc328981
Dr. Reckeweg Carbo Veg Dilution 30 CH,bottle of 11 ml Dilution,135,122,https://www.1mg.com/otc/dr.-reckeweg-carbo-veg-dilution-30-ch-otc326855
Dr. Reckeweg R23 Eczema Drop,bottle of 22 ml Drop,270,238,https://www.1mg.com/otc/dr.-reckeweg-r23-eczema-drop-otc326060
Bangalore Bio-Plasgens Soundarya Complexion Cream,tube of 30 gm Cream,110,97,https://www.1mg.com/otc/bangalore-bio-plasgens-soundarya-complexion-cream-otc388383
Dr. Reckeweg Five Phos 6X Tablet,bottle of 20 gm Tablet,185,183,https://www.1mg.com/otc/dr.-reckeweg-five-phos-6x-tablet-otc653785
SBL Calendula Officinalis Mother Tincture Q,bottle of 30 ml Mother Tincture,105,92,https://www.1mg.com/otc/sbl-calendula-officinalis-mother-tincture-q-otc338509
Dr Willmar Schwabe India Berberis Vulgaris Mother Tincture Q,bottle of 30 ml Mother Tincture,110,77,https://www.1mg.com/otc/dr-willmar-schwabe-india-berberis-vulgaris-mother-tincture-q-otc390805
St. George’s Erectin Q L Drop,bottle of 30 ml Drop,150,141,https://www.1mg.com/otc/st.-george-s-erectin-q-l-drop-otc529693
ADEL 12 Dercut Drop,bottle of 20 ml Drop,295,245,https://www.1mg.com/otc/adel-12-dercut-drop-otc326110
Lord's Ylo Tablet,bottle of 50 tablets,150,142,https://www.1mg.com/otc/lord-s-ylo-tablet-otc357512
ADEL 28 Plevent Drop,bottle of 20 ml Drop,295,266,https://www.1mg.com/otc/adel-28-plevent-drop-otc326092
SBL Tranquil Tablet,bottle of 25 gm Tablet,165,152,https://www.1mg.com/otc/sbl-tranquil-tablet-otc326115
SBL Rhus Toxicodendron Dilution 30 CH,bottle of 30 ml Dilution,100,90,https://www.1mg.com/otc/sbl-rhus-toxicodendron-dilution-30-ch-otc338184
Dr. Reckeweg Rhus Tox Dilution 30 CH,bottle of 11 ml Dilution,135,121,https://www.1mg.com/otc/dr.-reckeweg-rhus-tox-dilution-30-ch-otc326469
SBL FP Ointment,tube of 25 gm Ointment,80,70,https://www.1mg.com/otc/sbl-fp-ointment-otc330996
Dr. Reckeweg Bio-Combination 6 (BC 6) Tablet,bottle of 20 gm Biocombination Tablet,185,167,https://www.1mg.com/otc/dr.-reckeweg-bio-combination-6-bc-6-tablet-otc326281
SBL Ginkgo Biloba Mother Tincture Q,bottle of 30 ml Mother Tincture,220,198,https://www.1mg.com/otc/sbl-ginkgo-biloba-mother-tincture-q-otc338479
ADEL 64 Mundipur Uric Acid Drop,bottle of 20 ml Drop,295,266,https://www.1mg.com/otc/adel-64-mundipur-uric-acid-drop-otc662025
SBL Echinacea Angustifolia Mother Tincture Q,bottle of 30 ml Mother Tincture,220,194,https://www.1mg.com/otc/sbl-echinacea-angustifolia-mother-tincture-q-otc338488
Dr Willmar Schwabe India Crataegus Oxyacantha Mother Tincture Q,bottle of 30 ml Mother Tincture,110,97,https://www.1mg.com/otc/dr-willmar-schwabe-india-crataegus-oxyacantha-mother-tincture-q-otc390911
Dr. Reckeweg Thuja Occ Dilution 200 CH,bottle of 11 ml Dilution,160,141,https://www.1mg.com/otc/dr.-reckeweg-thuja-occ-dilution-200-ch-otc331559
ADEL 18 Glucorect Drop,bottle of 20 ml Drop,295,265,https://www.1mg.com/otc/adel-18-glucorect-drop-otc327731
SBL Aconitum Napellus Dilution 30 CH,bottle of 30 ml Dilution,100,92,https://www.1mg.com/otc/sbl-aconitum-napellus-dilution-30-ch-otc345696
Bakson's Calcarea Fluorica Biochemic Tablet 12X,bottle of 4500 biochemic tablets,720,619,https://www.1mg.com/otc/bakson-s-calcarea-fluorica-biochemic-tablet-12x-otc697440
Bakson Tonsil Aid Tablet,bottle of 200 tablets,500,440,https://www.1mg.com/otc/bakson-tonsil-aid-tablet-otc386768
Dr. Reckeweg Syzygium Jamb Mother Tincture Q,bottle of 20 ml Mother Tincture,255,229,https://www.1mg.com/otc/dr.-reckeweg-syzygium-jamb-mother-tincture-q-otc327494
SBL Cholesterinum Trituration Tablet 3X,bottle of 25 gm Trituration Tablet,175,154,https://www.1mg.com/otc/sbl-cholesterinum-trituration-tablet-3x-otc339005
Dr. Reckeweg R51 Thyroid Intoxication Drop,bottle of 22 ml Drop,270,243,https://www.1mg.com/otc/dr.-reckeweg-r51-thyroid-intoxication-drop-otc327416
Dr. Reckeweg R19 Glandular Drops for Men,bottle of 22 ml Drop,270,252,https://www.1mg.com/otc/dr.-reckeweg-r19-glandular-drops-for-men-otc327102
SBL Guatteria Gaumeri Mother Tincture Q,bottle of 30 ml Mother Tincture,330,290,https://www.1mg.com/otc/sbl-guatteria-gaumeri-mother-tincture-q-otc746024
SBL Ferrum Phosphoricum Biochemic Tablet 6X,bottle of 25 gm Biochemic Tablet,110,97,https://www.1mg.com/otc/sbl-ferrum-phosphoricum-biochemic-tablet-6x-otc331056
Haslab Drox 20 Pilovarin Drop,bottle of 30 ml Drop,160,147,https://www.1mg.com/otc/haslab-drox-20-pilovarin-drop-otc339523
ADEL 25 Somcupin Drop,bottle of 20 ml Drop,295,260,https://www.1mg.com/otc/adel-25-somcupin-drop-otc326095
SBL Arnica Montana Herbal Shampoo With Conditioner,bottle of 200 ml Conditioner,180,155,https://www.1mg.com/otc/sbl-arnica-montana-herbal-shampoo-with-conditioner-otc330953
Wheezal Hekla Lava Tooth Powder,bottle of 100 gm Powder,130,115,https://www.1mg.com/otc/wheezal-hekla-lava-tooth-powder-otc438662
SBL Leptandra Mother Tincture Q,bottle of 30 ml Mother Tincture,520,458,https://www.1mg.com/otc/sbl-leptandra-mother-tincture-q-otc338677
SBL Agnus Castus Dilution 30 CH,bottle of 30 ml Dilution,100,88,https://www.1mg.com/otc/sbl-agnus-castus-dilution-30-ch-otc345716
Similia Moringa Oleifera Mother Tincture Q,bottle of 30 ml Mother Tincture,180,162,https://www.1mg.com/otc/similia-moringa-oleifera-mother-tincture-q-otc693735
SBL Carbo Vegetabilis Dilution 200 CH,bottle of 30 ml Dilution,115,101,https://www.1mg.com/otc/sbl-carbo-vegetabilis-dilution-200-ch-otc338207
Dr Willmar Schwabe India Jaborandi Mother Tincture Q,bottle of 30 ml Mother Tincture,150,132,https://www.1mg.com/otc/dr-willmar-schwabe-india-jaborandi-mother-tincture-q-otc391105
SBL Ruta Graveolens Dilution 200 CH,bottle of 30 ml Dilution,115,101,https://www.1mg.com/otc/sbl-ruta-graveolens-dilution-200-ch-otc348620
Bakson Gastro Aid Tablet,bottle of 75 tablets,215,189,https://www.1mg.com/otc/bakson-gastro-aid-tablet-otc326081
SBL Belladonna Dilution 200 CH,bottle of 30 ml Dilution,115,104,https://www.1mg.com/otc/sbl-belladonna-dilution-200-ch-otc338212
Dr Willmar Schwabe India Hydrastis Canadensis Mother Tincture Q,bottle of 30 ml Mother Tincture,515,453,https://www.1mg.com/otc/dr-willmar-schwabe-india-hydrastis-canadensis-mother-tincture-q-otc391074
SBL Drops No. 4 (For BP),bottle of 30 ml Drop,185,140,https://www.1mg.com/otc/sbl-drops-no.-4-for-bp-otc329038
SBL Bio-Combination 17 Tablet,bottle of 25 gm Biocombination Tablet,110,91,https://www.1mg.com/otc/sbl-bio-combination-17-tablet-otc331065
SBL Silicea Dilution 200 CH,bottle of 30 ml Dilution,115,98,https://www.1mg.com/otc/sbl-silicea-dilution-200-ch-otc338177
Dr Willmar Schwabe India Dizester Digestive Tonic Sugar Free,bottle of 500 ml Tonic,375,329,https://www.1mg.com/otc/dr-willmar-schwabe-india-dizester-digestive-tonic-sugar-free-otc492426
Dr Willmar Schwabe India Phytolacca Berry Mother Tincture Q,bottle of 30 ml Mother Tincture,240,216,https://www.1mg.com/otc/dr-willmar-schwabe-india-phytolacca-berry-mother-tincture-q-otc391484
Dr. Reckeweg Sulphur Dilution 200 CH,bottle of 11 ml Dilution,160,144,https://www.1mg.com/otc/dr.-reckeweg-sulphur-dilution-200-ch-otc331625
Dr. Reckeweg R81 Analgesic Drop,bottle of 22 ml Drop,270,241,https://www.1mg.com/otc/dr.-reckeweg-r81-analgesic-drop-otc327384
ADEL 82 Hepat Liver Tonic Drop,bottle of 150 ml Drop,485,427,https://www.1mg.com/otc/adel-82-hepat-liver-tonic-drop-otc723949
Hapdco Aqui Plus Face Wash,tube of 50 ml Face Wash,99,87,https://www.1mg.com/otc/hapdco-aqui-plus-face-wash-otc357742
SBL Ginseng Mother Tincture Q,bottle of 30 ml Mother Tincture,365,321,https://www.1mg.com/otc/sbl-ginseng-mother-tincture-q-otc338483
SBL Vertefine Drop,bottle of 30 ml Drop,150,132,https://www.1mg.com/otc/sbl-vertefine-drop-otc328991
Essentia Aurea Gold Drop,bottle of 30 ml Drop,200,184,https://www.1mg.com/otc/essentia-aurea-gold-drop-otc326134
Dr. Reckeweg Cholesterinum Trituration Tablet 3X,bottle of 20 gm Trituration Tablet,240,216,https://www.1mg.com/otc/dr.-reckeweg-cholesterinum-trituration-tablet-3x-otc326942
ADEL 51 Psy-Stabil Drop,bottle of 20 ml Drop,295,266,https://www.1mg.com/otc/adel-51-psy-stabil-drop-otc327724
SBL Swertia Chirata Mother Tincture Q,bottle of 30 ml Mother Tincture,150,132,https://www.1mg.com/otc/sbl-swertia-chirata-mother-tincture-q-otc338416
Dr Willmar Schwabe India Alpha - MP Drop,bottle of 30 ml Drop,125,110,https://www.1mg.com/otc/dr-willmar-schwabe-india-alpha-mp-drop-otc326047
Dr. Reckeweg Ginseng Mother Tincture Q,bottle of 20 ml Mother Tincture,295,266,https://www.1mg.com/otc/dr.-reckeweg-ginseng-mother-tincture-q-otc327739
Medisynth Jondila Forte Syrup,bottle of 450 ml Syrup,320,272,https://www.1mg.com/otc/medisynth-jondila-forte-syrup-otc787798
Adven Osteodin-Z Oral Drops (25ml Each),box of 2 bottles,555,550,https://www.1mg.com/otc/adven-osteodin-z-oral-drops-25ml-each-otc567455
SBL Acidum Phosphoricum Mother Tincture Q,bottle of 30 ml Mother Tincture,125,113,https://www.1mg.com/otc/sbl-acidum-phosphoricum-mother-tincture-q-otc338535
Dr Willmar Schwabe Germany Damiaplant Drop,bottle of 20 ml Drop,575,535,https://www.1mg.com/otc/dr-willmar-schwabe-germany-damiaplant-drop-otc325893
SBL Caladium Seguinum Dilution 200 CH,bottle of 30 ml Dilution,115,103,https://www.1mg.com/otc/sbl-caladium-seguinum-dilution-200-ch-otc346066
SBL Diaboherb Capsule,box of 100 capsules,500,440,https://www.1mg.com/otc/sbl-diaboherb-capsule-otc329033
SBL Nixocid Syrup,bottle of 500 ml Syrup,305,268,https://www.1mg.com/otc/sbl-nixocid-syrup-otc325887
SBL Thuja Occidentalis Mother Tincture Q,bottle of 30 ml Mother Tincture,150,135,https://www.1mg.com/otc/sbl-thuja-occidentalis-mother-tincture-q-otc338408
ADEL 17 Glautaract Drop,bottle of 20 ml Drop,295,262,https://www.1mg.com/otc/adel-17-glautaract-drop-otc326103
SBL Alfalfa Tonic with Ginseng,bottle of 115 ml Tonic,130,114,https://www.1mg.com/otc/sbl-alfalfa-tonic-with-ginseng-otc328975
SBL Sulphur Dilution 30 CH,bottle of 30 ml Dilution,100,88,https://www.1mg.com/otc/sbl-sulphur-dilution-30-ch-otc338174
Dr Willmar Schwabe India Chelidonium Majus Mother Tincture Q,bottle of 30 ml Mother Tincture,150,133,https://www.1mg.com/otc/dr-willmar-schwabe-india-chelidonium-majus-mother-tincture-q-otc390853
SBL Hypericum Perforatum Dilution 200 CH,bottle of 30 ml Dilution,115,100,https://www.1mg.com/otc/sbl-hypericum-perforatum-dilution-200-ch-otc347950
Dr. Reckeweg R8 Jut-U-Sin Cough Syrup,bottle of 150 ml Syrup,490,441,https://www.1mg.com/otc/dr.-reckeweg-r8-jut-u-sin-cough-syrup-otc326074
Dr Willmar Schwabe India Zauber Hair Drop,bottle of 30 ml Drop,195,175,https://www.1mg.com/otc/dr-willmar-schwabe-india-zauber-hair-drop-otc784654
ADEL 21 Proscenat Drop,bottle of 20 ml Drop,295,266,https://www.1mg.com/otc/adel-21-proscenat-drop-otc326098
SBL Fucus Vesiculosus Mother Tincture Q,bottle of 30 ml Mother Tincture,150,135,https://www.1mg.com/otc/sbl-fucus-vesiculosus-mother-tincture-q-otc338484
Dr. Reckeweg R70 Neuralgia Drop,bottle of 22 ml Drop,270,238,https://www.1mg.com/otc/dr.-reckeweg-r70-neuralgia-drop-otc326000
SBL Hepar Sulphur Dilution 200 CH,bottle of 30 ml Dilution,115,101,https://www.1mg.com/otc/sbl-hepar-sulphur-dilution-200-ch-otc347863
Dr. Reckeweg Titanium Trituration Tablet 3X,bottle of 20 gm Trituration Tablet,240,216,https://www.1mg.com/otc/dr.-reckeweg-titanium-trituration-tablet-3x-otc326927
Dr. Reckeweg Kalmegh Mother Tincture Q,bottle of 20 ml Mother Tincture,335,329,https://www.1mg.com/otc/dr.-reckeweg-kalmegh-mother-tincture-q-otc327588
Wheezal Mel-X Melasma Cream,tube of 25 gm Cream,135,119,https://www.1mg.com/otc/wheezal-mel-x-melasma-cream-otc713516
Dr Willmar Schwabe India Passiflora Incarnata Mother Tincture Q,bottle of 30 ml Mother Tincture,125,110,https://www.1mg.com/otc/dr-willmar-schwabe-india-passiflora-incarnata-mother-tincture-q-otc391475
SBL Bio-Combination 28 Tablet,bottle of 25 gm Biocombination Tablet,110,97,https://www.1mg.com/otc/sbl-bio-combination-28-tablet-otc331081
SBL Arsenicum Album Dilution 200 CH,bottle of 30 ml Dilution,115,101,https://www.1mg.com/otc/sbl-arsenicum-album-dilution-200-ch-otc345914
Dr Willmar Schwabe India Alpha-Coff Cough Syrup,bottle of 100 ml Syrup,115,105,https://www.1mg.com/otc/dr-willmar-schwabe-india-alpha-coff-cough-syrup-otc407060
Dr. Reckeweg Wiesbaden Dilution 30 CH,bottle of 11 ml Dilution,135,130,https://www.1mg.com/otc/dr.-reckeweg-wiesbaden-dilution-30-ch-otc326318
SBL Alfalfa Tonic Paediatric,bottle of 180 ml Tonic,175,135,https://www.1mg.com/otc/sbl-alfalfa-tonic-paediatric-otc328980
SBL Withania Somnifera Mother Tincture Q,bottle of 30 ml Mother Tincture,105,92,https://www.1mg.com/otc/sbl-withania-somnifera-mother-tincture-q-otc338405
SBL Kali Bichromicum Dilution 30 CH,bottle of 30 ml Dilution,100,88,https://www.1mg.com/otc/sbl-kali-bichromicum-dilution-30-ch-otc338319
Dr. Reckeweg Damiana Mother Tincture Q,bottle of 20 ml Mother Tincture,255,224,https://www.1mg.com/otc/dr.-reckeweg-damiana-mother-tincture-q-otc327754
Dr Willmar Schwabe India Rauwolfia Serpentina Mother Tincture Q,bottle of 30 ml Mother Tincture,110,97,https://www.1mg.com/otc/dr-willmar-schwabe-india-rauwolfia-serpentina-mother-tincture-q-otc391561
Dr Willmar Schwabe India Topi Thuja Cream,tube of 25 gm Cream,80,70,https://www.1mg.com/otc/dr-willmar-schwabe-india-topi-thuja-cream-otc327365
SBL Gelsemium Sempervirens Dilution 30 CH,bottle of 30 ml Dilution,100,88,https://www.1mg.com/otc/sbl-gelsemium-sempervirens-dilution-30-ch-otc338332
Medisynth Diabekoll Non-Sugar Syrup,bottle of 450 ml Syrup,320,272,https://www.1mg.com/otc/medisynth-diabekoll-non-sugar-syrup-otc789787
Bakson Tonsil Aid Tablet,bottle of 75 tablets,320,215,https://www.1mg.com/otc/bakson-tonsil-aid-tablet-otc402187
SBL Causticum Dilution 200 CH,bottle of 30 ml Dilution,115,101,https://www.1mg.com/otc/sbl-causticum-dilution-200-ch-otc346123
ADEL 2 Apo-Ham Drop,bottle of 20 ml Drop,295,260,https://www.1mg.com/otc/adel-2-apo-ham-drop-otc327734
Lord's Ylo Tablet,bottle of 1000 tablets,1200,1056,https://www.1mg.com/otc/lord-s-ylo-tablet-otc561524
Dr. Reckeweg Chelidonium Maj Mother Tincture Q,bottle of 20 ml Mother Tincture,255,224,https://www.1mg.com/otc/dr.-reckeweg-chelidonium-maj-mother-tincture-q-otc327771
SBL Calcarea Fluorica Biochemic Tablet 12X,bottle of 25 gm Biochemic Tablet,110,97,https://www.1mg.com/otc/sbl-calcarea-fluorica-biochemic-tablet-12x-otc331088
Bakson's Natrum Sulphuricum Biochemic Tablet 6X,bottle of 250 biochemic tablets,120,106,https://www.1mg.com/otc/bakson-s-natrum-sulphuricum-biochemic-tablet-6x-otc695563
ADEL 79 Ferrodona Tonic,bottle of 250 ml Tonic,860,791,https://www.1mg.com/otc/adel-79-ferrodona-tonic-otc327719
SBL Acid Chryso Ointment,tube of 25 gm Ointment,75,67,https://www.1mg.com/otc/sbl-acid-chryso-ointment-otc330970
Dr. Reckeweg Yohimbinum Mother Tincture Q,bottle of 20 ml Mother Tincture,75,365,https://www.1mg.com/otc/dr.-reckeweg-yohimbinum-mother-tincture-q-otc327117
Dr Willmar Schwabe India Withania Somnifera (Aswagandha) Mother Tincture Q,bottle of 30 ml Mother Tincture,110,97,https://www.1mg.com/otc/dr-willmar-schwabe-india-withania-somnifera-aswagandha-mother-tincture-q-otc391463
SBL Allium Sativum Mother Tincture Q,bottle of 30 ml Mother Tincture,105,92,https://www.1mg.com/otc/sbl-allium-sativum-mother-tincture-q-otc338524
SBL Natrum Muriaticum Biochemic Tablet 6X,bottle of 25 gm Biochemic Tablet,110,95,https://www.1mg.com/otc/sbl-natrum-muriaticum-biochemic-tablet-6x-otc330938
Bakson's Hair Color Dark Brown Sachet,packet of 1 Sachet,50,45,https://www.1mg.com/otc/bakson-s-hair-color-dark-brown-sachet-otc499063
SBL Aesculus Ointment,tube of 25 gm Ointment,80,70,https://www.1mg.com/otc/sbl-aesculus-ointment-otc330972
SBL Apis Mellifica Dilution 30 CH,bottle of 30 ml Dilution,100,89,https://www.1mg.com/otc/sbl-apis-mellifica-dilution-30-ch-otc338377
New Life Bach Flower Rescue Remedy 30,bottle of 100 ml Dilution,250,240,https://www.1mg.com/otc/new-life-bach-flower-rescue-remedy-30-otc701188
ADEL 9 Cri-Regen Drop,bottle of 20 ml Drop,295,262,https://www.1mg.com/otc/adel-9-cri-regen-drop-otc326114
Wheezal Jaborandi Hair Treatment Oil,bottle of 110 ml Oil,160,141,https://www.1mg.com/otc/wheezal-jaborandi-hair-treatment-oil-otc339194
Bakson's Natrum Sulphuricum Biochemic Tablet 6X,bottle of 4500 biochemic tablets,655,590,https://www.1mg.com/otc/bakson-s-natrum-sulphuricum-biochemic-tablet-6x-otc695564
Bakson's Ferrum Phosphoricum Biochemic Tablet 6X,bottle of 4500 biochemic tablets,720,619,https://www.1mg.com/otc/bakson-s-ferrum-phosphoricum-biochemic-tablet-6x-otc695145
Dr. Reckeweg Bacopa Monnieri (Brahmi) Mother Tincture Q,bottle of 20 ml Mother Tincture,255,230,https://www.1mg.com/otc/dr.-reckeweg-bacopa-monnieri-brahmi-mother-tincture-q-otc327794
SBL Agnus Castus Mother Tincture Q,bottle of 30 ml Mother Tincture,125,101,https://www.1mg.com/otc/sbl-agnus-castus-mother-tincture-q-otc338531
Dr Willmar Schwabe India Ruck-Pain,bottle of 30 ml Liquid,195,175,https://www.1mg.com/otc/dr-willmar-schwabe-india-ruck-pain-otc784648
SBL Pulsatilla Nigricans Dilution 200 CH,bottle of 30 ml Dilution,115,101,https://www.1mg.com/otc/sbl-pulsatilla-nigricans-dilution-200-ch-otc338189
ADEL 36 Pollon Drop,bottle of 20 ml Drop,295,260,https://www.1mg.com/otc/adel-36-pollon-drop-otc325883
Dr. Reckeweg R17 Glandular Enlargement Drop,bottle of 22 ml Drop,270,255,https://www.1mg.com/otc/dr.-reckeweg-r17-glandular-enlargement-drop-otc327479
Medisynth Jondila Sugar Free Syrup,bottle of 200 ml Syrup,170,150,https://www.1mg.com/otc/medisynth-jondila-sugar-free-syrup-otc339314
Wheezal Mel-X Melasma Tablet,bottle of 30 tablets,125,113,https://www.1mg.com/otc/wheezal-mel-x-melasma-tablet-otc713520
SBL Natrum Phosphoricum Biochemic Tablet 6X,bottle of 25 gm Biochemic Tablet,110,96,https://www.1mg.com/otc/sbl-natrum-phosphoricum-biochemic-tablet-6x-otc330946
SBL Hamamelis Virginica Mother Tincture Q,bottle of 30 ml Mother Tincture,150,132,https://www.1mg.com/otc/sbl-hamamelis-virginica-mother-tincture-q-otc338477
Bakson's Spondy Aid Drop,bottle of 30 ml Drop,175,154,https://www.1mg.com/otc/bakson-s-spondy-aid-drop-otc326059
ADEL 6 Apo-Strum Drop,bottle of 20 ml Drop,295,237,https://www.1mg.com/otc/adel-6-apo-strum-drop-otc326117
SBL Cantharis Mother Tincture Q,bottle of 30 ml Mother Tincture,330,322,https://www.1mg.com/otc/sbl-cantharis-mother-tincture-q-otc338508
Dr. Reckeweg Bio-Combination 17 (BC 17) Tablet,bottle of 20 gm Biocombination Tablet,185,167,https://www.1mg.com/otc/dr.-reckeweg-bio-combination-17-bc-17-tablet-otc326268
SBL Calcarea Carbonica Dilution 200 CH,bottle of 30 ml Dilution,115,101,https://www.1mg.com/otc/sbl-calcarea-carbonica-dilution-200-ch-otc346039
SBL Alfalfa Mother Tincture Q,bottle of 30 ml Mother Tincture,105,95,https://www.1mg.com/otc/sbl-alfalfa-mother-tincture-q-otc338527
SBL Aspidosperma Quebracho Mother Tincture Q,bottle of 30 ml Mother Tincture,220,194,https://www.1mg.com/otc/sbl-aspidosperma-quebracho-mother-tincture-q-otc338516
Dr. Reckeweg Arnica Mont Dilution 30 CH,bottle of 11 ml Dilution,135,121,https://www.1mg.com/otc/dr.-reckeweg-arnica-mont-dilution-30-ch-otc326893
SBL Pulsatilla Nigricans Dilution 30 CH,bottle of 30 ml Dilution,100,88,https://www.1mg.com/otc/sbl-pulsatilla-nigricans-dilution-30-ch-otc338190
Dr. Reckeweg R55 All Kinds Of Injuries Drop,bottle of 22 ml Drop,270,243,https://www.1mg.com/otc/dr.-reckeweg-r55-all-kinds-of-injuries-drop-otc326013
SBL Arnica Ointment,tube of 25 gm Ointment,75,68,https://www.1mg.com/otc/sbl-arnica-ointment-otc330983
SBL AT-Tabs Ant- Traumatic Tablet,bottle of 25 gm Tablet,165,145,https://www.1mg.com/otc/sbl-at-tabs-ant-traumatic-tablet-otc328994
ADEL 55 Tinal Spondylitis Drop,bottle of 20 ml Drop,295,266,https://www.1mg.com/otc/adel-55-tinal-spondylitis-drop-otc723940
ADEL 3 Apo-Hepat Drop,bottle of 20 ml Drop,295,268,https://www.1mg.com/otc/adel-3-apo-hepat-drop-otc326120
Homoeo Laboratories Den-Tonic Teething Pills,bottle of 10 gm Tablet,100,94,https://www.1mg.com/otc/homoeo-laboratories-den-tonic-teething-pills-otc498886
Bakson Homoeopathic Formula 'D' Tablet,bottle of 200 tablets,500,448,https://www.1mg.com/otc/bakson-homoeopathic-formula-d-tablet-otc502827
SBL Natrum Muriaticum Dilution 30 CH,bottle of 30 ml Dilution,100,90,https://www.1mg.com/otc/sbl-natrum-muriaticum-dilution-30-ch-otc338310
Dr. Reckeweg Belladonna Dilution 30 CH,bottle of 11 ml Dilution,135,131,https://www.1mg.com/otc/dr.-reckeweg-belladonna-dilution-30-ch-otc326889
SBL Silicea Biochemic Tablet 6X,bottle of 25 gm Biochemic Tablet,110,97,https://www.1mg.com/otc/sbl-silicea-biochemic-tablet-6x-otc368309
Dr. Reckeweg Thyroidinum Trituration Tablet 3X,bottle of 20 gm Trituration Tablet,240,217,https://www.1mg.com/otc/dr.-reckeweg-thyroidinum-trituration-tablet-3x-otc326928
Dr. Reckeweg China Dilution 30 CH,bottle of 11 ml Dilution,240,135,https://www.1mg.com/otc/dr.-reckeweg-china-dilution-30-ch-otc326837
Dr. S.C.Deb's Rheumalin Forte Tablet with Calcium Supplement Tablet,bottle of 30 gm Tablet,190,177,https://www.1mg.com/otc/dr.-s.c.deb-s-rheumalin-forte-tablet-with-calcium-supplement-tablet-otc797245
SBL Sepia Dilution 200 CH,bottle of 30 ml Dilution,115,114,https://www.1mg.com/otc/sbl-sepia-dilution-200-ch-otc348706
Dr Willmar Schwabe India Topi Berberis Aquifolium Cream,tube of 25 gm Cream,80,70,https://www.1mg.com/otc/dr-willmar-schwabe-india-topi-berberis-aquifolium-cream-otc326145
SBL Kali Muriaticum Biochemic Tablet 6X,bottle of 25 gm Biochemic Tablet,110,97,https://www.1mg.com/otc/sbl-kali-muriaticum-biochemic-tablet-6x-otc331049
SBL Mercurius Solubilis Dilution 30 CH,bottle of 30 ml Dilution,100,90,https://www.1mg.com/otc/sbl-mercurius-solubilis-dilution-30-ch-otc338313
Adven Adzag-Forte Drop (25ml Each),box of 2 bottles,555,488,https://www.1mg.com/otc/adven-adzag-forte-drop-25ml-each-otc675994
SBL Drops No. 3 (For UTI),bottle of 30 ml Drop,185,163,https://www.1mg.com/otc/sbl-drops-no.-3-for-uti-otc329039
Dr. Reckeweg Urtica Urens Mother Tincture Q,bottle of 20 ml Mother Tincture,255,224,https://www.1mg.com/otc/dr.-reckeweg-urtica-urens-mother-tincture-q-otc327130
Dr. Reckeweg Biochemic Combination 25 (BC 25) Tablet,bottle of 20 gm Biocombination Tablet,185,163,https://www.1mg.com/otc/dr.-reckeweg-biochemic-combination-25-bc-25-tablet-otc326257
SBL Ferrumsip Syrup,bottle of 180 ml Syrup,190,167,https://www.1mg.com/otc/sbl-ferrumsip-syrup-otc328997
Dr. Reckeweg R43 Bronchial Drop,bottle of 22 ml Drop,270,243,https://www.1mg.com/otc/dr.-reckeweg-r43-bronchial-drop-otc326030
Dr Willmar Schwabe India Sabal Pentarkan Drop,bottle of 30 ml Drop,190,170,https://www.1mg.com/otc/dr-willmar-schwabe-india-sabal-pentarkan-drop-otc327652
Dr. Reckeweg Carbo Veg Dilution 200 CH,bottle of 11 ml Dilution,160,140,https://www.1mg.com/otc/dr.-reckeweg-carbo-veg-dilution-200-ch-otc335766
Medisynth Alfamalt Forte Malt,jar of 450 gm Paste,300,255,https://www.1mg.com/otc/medisynth-alfamalt-forte-malt-otc356954
Dr Willmar Schwabe India Syzygium Jambolanum Trituration Tablet 1X,bottle of 20 gm Trituration Tablet,175,154,https://www.1mg.com/otc/dr-willmar-schwabe-india-syzygium-jambolanum-trituration-tablet-1x-otc325930
SBL Drops No. 5 (For Cervical Pain),bottle of 30 ml Drop,185,163,https://www.1mg.com/otc/sbl-drops-no.-5-for-cervical-pain-otc329043
Bio India Gingko Plus Tonic,bottle of 500 ml Tonic,360,342,https://www.1mg.com/otc/bio-india-gingko-plus-tonic-otc401708
ADEL 5 Apo-Stom Drop,bottle of 20 ml Drop,295,275,https://www.1mg.com/otc/adel-5-apo-stom-drop-otc326118
SBL Aesculus Hippocastanum Dilution 30 CH,bottle of 30 ml Dilution,100,99,https://www.1mg.com/otc/sbl-aesculus-hippocastanum-dilution-30-ch-otc345707
Dr. Reckeweg Bio-Combination 28 (BC 28) Tablet,bottle of 20 gm Biocombination Tablet,185,167,https://www.1mg.com/otc/dr.-reckeweg-bio-combination-28-bc-28-tablet-otc326253
Dr. Reckeweg R32 Excessive Perspiration Drop,bottle of 22 ml Drop,270,243,https://www.1mg.com/otc/dr.-reckeweg-r32-excessive-perspiration-drop-otc327463
Dr. Reckeweg Hydrangea Mother Tincture Q,bottle of 20 ml Mother Tincture,335,295,https://www.1mg.com/otc/dr.-reckeweg-hydrangea-mother-tincture-q-otc327610
SBL Phytolacca Berry Tablet,bottle of 25 gm Tablet,155,135,https://www.1mg.com/otc/sbl-phytolacca-berry-tablet-otc330968
Dr. Reckeweg Belladonna Dilution 200 CH,bottle of 11 ml Dilution,160,144,https://www.1mg.com/otc/dr.-reckeweg-belladonna-dilution-200-ch-otc335881
SBL Sabal Serrulata Dilution 30 CH,bottle of 30 ml Dilution,100,88,https://www.1mg.com/otc/sbl-sabal-serrulata-dilution-30-ch-otc348627
Bhargava Garcinia Cambogia Drop,bottle of 30 ml Drop,385,339,https://www.1mg.com/otc/bhargava-garcinia-cambogia-drop-otc388385
SBL Justicia Adhatoda Mother Tincture Q,bottle of 30 ml Mother Tincture,105,92,https://www.1mg.com/otc/sbl-justicia-adhatoda-mother-tincture-q-otc338444
Allen A70 I.B.S.(Irritable Bowel Syndrome) Drop,bottle of 30 ml Drop,170,150,https://www.1mg.com/otc/allen-a70-i.b.s.-irritable-bowel-syndrome-drop-otc330218
Dr Willmar Schwabe India Tribulus Terrestris Mother Tincture Q,bottle of 30 ml Mother Tincture,110,97,https://www.1mg.com/otc/dr-willmar-schwabe-india-tribulus-terrestris-mother-tincture-q-otc391564
SBL Drops No. 8 ( For Allergic Rhinitis),bottle of 30 ml Drop,185,131,https://www.1mg.com/otc/sbl-drops-no.-8-for-allergic-rhinitis-otc339777
SBL Abroma Augusta Mother Tincture Q,bottle of 30 ml Mother Tincture,105,92,https://www.1mg.com/otc/sbl-abroma-augusta-mother-tincture-q-otc338537
Dr. Reckeweg R46 Rheumatism Of Forearms And Hands Drop,bottle of 22 ml Drop,270,243,https://www.1mg.com/otc/dr.-reckeweg-r46-rheumatism-of-forearms-and-hands-drop-otc326021
SBL Thuja Gel,tube of 25 gm Gel,75,68,https://www.1mg.com/otc/sbl-thuja-gel-otc331010
Dr. Reckeweg R6 Influenza Drop,bottle of 22 ml Drop,270,238,https://www.1mg.com/otc/dr.-reckeweg-r6-influenza-drop-otc326076
SBL Gelsemium Sempervirens Dilution 200 CH,bottle of 30 ml Dilution,115,114,https://www.1mg.com/otc/sbl-gelsemium-sempervirens-dilution-200-ch-otc346631
Dr. Reckeweg Crataegus Mother Tincture Q,bottle of 20 ml Mother Tincture,255,228,https://www.1mg.com/otc/dr.-reckeweg-crataegus-mother-tincture-q-otc327757
Dr Willmar Schwabe India Ginseng Mother Tincture Q,bottle of 30 ml Mother Tincture,320,294,https://www.1mg.com/otc/dr-willmar-schwabe-india-ginseng-mother-tincture-q-otc391010
Dr. Reckeweg Jaborandi Mother Tincture Q,bottle of 20 ml Mother Tincture,255,224,https://www.1mg.com/otc/dr.-reckeweg-jaborandi-mother-tincture-q-otc327599
Bakson Hite Aid Tablet,bottle of 75 tablets,215,189,https://www.1mg.com/otc/bakson-hite-aid-tablet-otc327080
SBL Hydrangea Arborescens Mother Tincture Q,bottle of 30 ml Mother Tincture,150,132,https://www.1mg.com/otc/sbl-hydrangea-arborescens-mother-tincture-q-otc338476
SBL Thuja Occidentalis Dilution 30 CH,bottle of 30 ml Dilution,100,88,https://www.1mg.com/otc/sbl-thuja-occidentalis-dilution-30-ch-otc338171
Boericke and Tafel Hair Growth Oil,bottle of 200 ml Oil,180,162,https://www.1mg.com/otc/boericke-and-tafel-hair-growth-oil-otc388296
SBL Ruta Graveolens Dilution 30 CH,bottle of 30 ml Dilution,100,88,https://www.1mg.com/otc/sbl-ruta-graveolens-dilution-30-ch-otc338301
Wheezal Jaborandi Hair Treatment Oil,bottle of 500 ml Oil,425,374,https://www.1mg.com/otc/wheezal-jaborandi-hair-treatment-oil-otc536942
Dr Willmar Schwabe India Rauwolfia Serpentina Tablet 1X,bottle of 20 gm Tablet,175,154,https://www.1mg.com/otc/dr-willmar-schwabe-india-rauwolfia-serpentina-tablet-1x-otc327283
Boericke and Tafel Anti-Dandruff Shampoo,bottle of 150 ml Shampoo,145,128,https://www.1mg.com/otc/boericke-and-tafel-anti-dandruff-shampoo-otc388285
SBL Cantharis Dilution 30 CH,bottle of 30 ml Dilution,100,90,https://www.1mg.com/otc/sbl-cantharis-dilution-30-ch-otc338356
Dr. Reckeweg Physostigma  Venenosum Dilution 30 CH,bottle of 11 ml Dilution,135,127,https://www.1mg.com/otc/dr.-reckeweg-physostigma-venenosum-dilution-30-ch-otc326489
Dr Willmar Schwabe India Berberis Pentarkan Tablet,bottle of 20 gm Tablet,185,163,https://www.1mg.com/otc/dr-willmar-schwabe-india-berberis-pentarkan-tablet-otc328680
Dr. Reckeweg R72 Pancreas Drop,bottle of 22 ml Drop,270,243,https://www.1mg.com/otc/dr.-reckeweg-r72-pancreas-drop-otc327370
Hapdco Mensol Tonic,bottle of 450 ml Tonic,310,273,https://www.1mg.com/otc/hapdco-mensol-tonic-otc386135
SBL Thyroidinum Trituration Tablet 6X,bottle of 25 gm Trituration Tablet,175,158,https://www.1mg.com/otc/sbl-thyroidinum-trituration-tablet-6x-otc338955
Dr. Reckeweg R54 Memory Drop,bottle of 22 ml Drop,175,270,https://www.1mg.com/otc/dr.-reckeweg-r54-memory-drop-otc326014
Haslab Laxyalo Capsule,box of 10 capsules,45,40,https://www.1mg.com/otc/haslab-laxyalo-capsule-otc793319
SBL Histaminum Dilution 30 CH,bottle of 30 ml Dilution,100,88,https://www.1mg.com/otc/sbl-histaminum-dilution-30-ch-otc348943
SBL Wiesbaden Dilution 30 CH,bottle of 30 ml Dilution,100,87,https://www.1mg.com/otc/sbl-wiesbaden-dilution-30-ch-otc348695
SBL Hepar Sulphur Dilution 30 CH,bottle of 30 ml Dilution,100,90,https://www.1mg.com/otc/sbl-hepar-sulphur-dilution-30-ch-otc338323
Dr. Reckeweg Selenium Trituration Tablet 3X,bottle of 20 gm Trituration Tablet,240,220,https://www.1mg.com/otc/dr.-reckeweg-selenium-trituration-tablet-3x-otc326930
Bakson B69 Sciatica Drop,bottle of 30 ml Drop,175,154,https://www.1mg.com/otc/bakson-b69-sciatica-drop-otc388126
Dr. Reckeweg Bryonia Alba Dilution 30 CH,bottle of 11 ml Dilution,135,121,https://www.1mg.com/otc/dr.-reckeweg-bryonia-alba-dilution-30-ch-otc326880
Dr Willmar Schwabe India Aesculus Pentarkan Drop,bottle of 30 ml Drop,190,167,https://www.1mg.com/otc/dr-willmar-schwabe-india-aesculus-pentarkan-drop-otc327655
Bakson's Derm Aid Soap,packet of 75 gm Soap,55,47,https://www.1mg.com/otc/bakson-s-derm-aid-soap-otc499056
SBL Yohimbinum Mother Tincture Q,bottle of 30 ml Mother Tincture,330,290,https://www.1mg.com/otc/sbl-yohimbinum-mother-tincture-q-otc348873
SBL Silk N Stay Antiseptic Calendula Soap,box of 75 gm Soap,55,48,https://www.1mg.com/otc/sbl-silk-n-stay-antiseptic-calendula-soap-otc330955
Allen A82 Premature Greying Of Hair Drop,bottle of 30 ml Drop,170,150,https://www.1mg.com/otc/allen-a82-premature-greying-of-hair-drop-otc330331
SBL Petroleum Cream,tube of 25 gm Cream,75,74,https://www.1mg.com/otc/sbl-petroleum-cream-otc331003
ADEL 66 Toxex Drop,bottle of 20 ml Drop,295,266,https://www.1mg.com/otc/adel-66-toxex-drop-otc326069
SBL Blatta Orientalis Mother Tincture Q,bottle of 30 ml Mother Tincture,295,150,https://www.1mg.com/otc/sbl-blatta-orientalis-mother-tincture-q-otc338511
Wheezal Sarsa Syrup,bottle of 450 ml Syrup,350,308,https://www.1mg.com/otc/wheezal-sarsa-syrup-otc715855
Bakson Rheum Aid Tablet,bottle of 75 tablets,215,194,https://www.1mg.com/otc/bakson-rheum-aid-tablet-otc402192
Medisynth Wartex Forte Drop,bottle of 30 ml Drop,175,154,https://www.1mg.com/otc/medisynth-wartex-forte-drop-otc339293
SBL Argentum Nitricum Dilution 30 CH,bottle of 30 ml Dilution,100,90,https://www.1mg.com/otc/sbl-argentum-nitricum-dilution-30-ch-otc338375
Dr. Reckeweg Bryonia Alba Dilution 200 CH,bottle of 11 ml Dilution,160,144,https://www.1mg.com/otc/dr.-reckeweg-bryonia-alba-dilution-200-ch-otc335840
SBL Robinia Pseudacacia Dilution 30 CH,bottle of 30 ml Dilution,100,90,https://www.1mg.com/otc/sbl-robinia-pseudacacia-dilution-30-ch-otc348603
Dr. Reckeweg Agnus Castus Dilution 30 CH,bottle of 11 ml Dilution,135,121,https://www.1mg.com/otc/dr.-reckeweg-agnus-castus-dilution-30-ch-otc326920
SBL Plantago Major Mother Tincture Q,bottle of 30 ml Mother Tincture,105,94,https://www.1mg.com/otc/sbl-plantago-major-mother-tincture-q-otc338430
SBL Dibonil Tablet,bottle of 25 gm Tablet,165,145,https://www.1mg.com/otc/sbl-dibonil-tablet-otc326102
SBL Physostigma Venenosum Dilution 30 CH,bottle of 30 ml Dilution,100,88,https://www.1mg.com/otc/sbl-physostigma-venenosum-dilution-30-ch-otc348512
Dr. Reckeweg R60 Blood Purifier Drop,bottle of 22 ml Drop,270,243,https://www.1mg.com/otc/dr.-reckeweg-r60-blood-purifier-drop-otc326005
ADEL 44 Venorbis Drop,bottle of 20 ml Drop,295,266,https://www.1mg.com/otc/adel-44-venorbis-drop-otc326083
SBL Fraxinus Americana Mother Tincture Q,bottle of 30 ml Mother Tincture,330,290,https://www.1mg.com/otc/sbl-fraxinus-americana-mother-tincture-q-otc338485
Dr. Reckeweg Magnesia Phosphoricum Biochemic Tablet 6X,bottle of 20 gm Biochemic Tablet,185,163,https://www.1mg.com/otc/dr.-reckeweg-magnesia-phosphoricum-biochemic-tablet-6x-otc327878
Dr. Reckeweg Causticum Dilution 200 CH,bottle of 11 ml Dilution,160,144,https://www.1mg.com/otc/dr.-reckeweg-causticum-dilution-200-ch-otc335669
SBL Pothos Foetidus Mother Tincture Q,bottle of 30 ml Mother Tincture,365,321,https://www.1mg.com/otc/sbl-pothos-foetidus-mother-tincture-q-otc338428
SBL Nuphar Lutea Mother Tincture Q,bottle of 30 ml Mother Tincture,330,266,https://www.1mg.com/otc/sbl-nuphar-lutea-mother-tincture-q-otc338439
SBL Sepia Dilution 30 CH,bottle of 30 ml Dilution,100,90,https://www.1mg.com/otc/sbl-sepia-dilution-30-ch-otc338225
SBL Caladium Seguinum Dilution 1000 CH,bottle of 30 ml Dilution,140,116,https://www.1mg.com/otc/sbl-caladium-seguinum-dilution-1000-ch-otc346067
SBL Histaminum Dilution 200 CH,bottle of 30 ml Dilution,115,103,https://www.1mg.com/otc/sbl-histaminum-dilution-200-ch-otc348944
Wheezal Arnica Hair N Scalp Treatment Homeopathic Medicine,bottle of 200 ml Liquid,200,184,https://www.1mg.com/otc/wheezal-arnica-hair-n-scalp-treatment-homeopathic-medicine-otc339198
Bakson Homoeopathic Formula P Tablet,bottle of 200 tablets,500,481,https://www.1mg.com/otc/bakson-homoeopathic-formula-p-tablet-otc502902
ADEL 26 Oss-Regen Drop,bottle of 20 ml Drop,295,260,https://www.1mg.com/otc/adel-26-oss-regen-drop-otc326094
SBL Drops No. 6 (For Joint Pain),bottle of 30 ml Drop,185,163,https://www.1mg.com/otc/sbl-drops-no.-6-for-joint-pain-otc329041
SBL Acid Nitricum Dilution 30 CH,bottle of 30 ml Dilution,100,90,https://www.1mg.com/otc/sbl-acid-nitricum-dilution-30-ch-otc338400
Dr. Reckeweg R30 Universal Ointment,jar of 85 gm Ointment,655,590,https://www.1mg.com/otc/dr.-reckeweg-r30-universal-ointment-otc326237
Dr Willmar Schwabe India Nux Vomica Dilution 30 CH,bottle of 30 ml Dilution,105,92,https://www.1mg.com/otc/dr-willmar-schwabe-india-nux-vomica-dilution-30-ch-otc394792
Dr. Reckeweg R53 Acne Vulgaris And Pimples Drop,bottle of 22 ml Drop,270,238,https://www.1mg.com/otc/dr.-reckeweg-r53-acne-vulgaris-and-pimples-drop-otc326016
Dr Willmar Schwabe India Avena Sativa Mother Tincture Q,bottle of 30 ml Mother Tincture,110,97,https://www.1mg.com/otc/dr-willmar-schwabe-india-avena-sativa-mother-tincture-q-otc390792
Dr. Reckeweg Gelsemium Sempervirens Dilution 30 CH,bottle of 11 ml Dilution,135,121,https://www.1mg.com/otc/dr.-reckeweg-gelsemium-sempervirens-dilution-30-ch-otc326754
Dr. Reckeweg R57 Pulmonary Tonic,bottle of 22 ml Tonic,270,238,https://www.1mg.com/otc/dr.-reckeweg-r57-pulmonary-tonic-otc327411
Dr. Reckeweg Caladium Seg Dilution 200 CH,bottle of 11 ml Dilution,160,144,https://www.1mg.com/otc/dr.-reckeweg-caladium-seg-dilution-200-ch-otc335830
Bakson's Diab Aid Drop,bottle of 30 ml Drop,155,140,https://www.1mg.com/otc/bakson-s-diab-aid-drop-otc326086
Dr Willmar Schwabe India Munostim Globules,bottle of 10 gm Globules,125,110,https://www.1mg.com/otc/dr-willmar-schwabe-india-munostim-globules-otc326148
Bakson Kof Aid Tablet,bottle of 75 tablets,215,188,https://www.1mg.com/otc/bakson-kof-aid-tablet-otc327314
SBL Sleeptite Tablet,bottle of 25 gm Tablet,165,149,https://www.1mg.com/otc/sbl-sleeptite-tablet-otc329013
SBL Silicea Dilution 30 CH,bottle of 30 ml Dilution,100,88,https://www.1mg.com/otc/sbl-silicea-dilution-30-ch-otc338178
ADEL 13 Fattex Drop,bottle of 20 ml Drop,295,260,https://www.1mg.com/otc/adel-13-fattex-drop-otc326108
SBL Drops No. 1 (For Hair Care),bottle of 30 ml Drop,185,163,https://www.1mg.com/otc/sbl-drops-no.-1-for-hair-care-otc325890
Bjain Crataegus Oxyacantha Mother Tincture Q,bottle of 100 ml Mother Tincture,195,150,https://www.1mg.com/otc/bjain-crataegus-oxyacantha-mother-tincture-q-otc445534
Boericke and Tafel Glow & Fairness Soap,packet of 75 gm Soap,50,44,https://www.1mg.com/otc/boericke-and-tafel-glow-fairness-soap-otc498711
SBL Lecithinum Trituration Tablet 3X,bottle of 25 gm Trituration Tablet,175,158,https://www.1mg.com/otc/sbl-lecithinum-trituration-tablet-3x-otc338981
SBL Ignatia Amara Dilution 200 CH,bottle of 30 ml Dilution,115,103,https://www.1mg.com/otc/sbl-ignatia-amara-dilution-200-ch-otc347956
Dr. Reckeweg Pulsatilla Dilution 30 CH,bottle of 11 ml Dilution,135,125,https://www.1mg.com/otc/dr.-reckeweg-pulsatilla-dilution-30-ch-otc326477
Dr. Reckeweg Caladium Seg Dilution 30 CH,bottle of 11 ml Dilution,135,119,https://www.1mg.com/otc/dr.-reckeweg-caladium-seg-dilution-30-ch-otc326875
SBL Agnus Castus Dilution 200 CH,bottle of 30 ml Dilution,115,112,https://www.1mg.com/otc/sbl-agnus-castus-dilution-200-ch-otc345717
Bakson AC#9 Tablet,bottle of 200 tablets,500,450,https://www.1mg.com/otc/bakson-ac-9-tablet-otc502623
SBL Conium Maculatum Dilution 200 CH,bottle of 30 ml Dilution,115,103,https://www.1mg.com/otc/sbl-conium-maculatum-dilution-200-ch-otc346425
SBL Kalmegh Syrup,bottle of 115 ml Syrup,115,101,https://www.1mg.com/otc/sbl-kalmegh-syrup-otc331014
Dr. Reckeweg Rauwolfia Serp Mother Tincture Q,bottle of 20 ml Mother Tincture,335,305,https://www.1mg.com/otc/dr.-reckeweg-rauwolfia-serp-mother-tincture-q-otc327530
SBL Sulphur Ointment,tube of 25 gm Ointment,75,68,https://www.1mg.com/otc/sbl-sulphur-ointment-otc331007
SBL Calcarea Carbonica Dilution 30 CH,bottle of 30 ml Dilution,100,90,https://www.1mg.com/otc/sbl-calcarea-carbonica-dilution-30-ch-otc338361
Dr Willmar Schwabe India Aspidosperma Mother Tincture Q,bottle of 30 ml Mother Tincture,220,194,https://www.1mg.com/otc/dr-willmar-schwabe-india-aspidosperma-mother-tincture-q-otc390789
Dr Willmar Schwabe India Leptandra Mother Tincture Q,bottle of 30 ml Mother Tincture,515,453,https://www.1mg.com/otc/dr-willmar-schwabe-india-leptandra-mother-tincture-q-otc391268
Bakson Calci Aid Tablet,bottle of 75 tablets,215,208,https://www.1mg.com/otc/bakson-calci-aid-tablet-otc327082
Allen A92 C.K.D.(Chronic Kidney Diseases) Drop,bottle of 30 ml Drop,170,153,https://www.1mg.com/otc/allen-a92-c.k.d.-chronic-kidney-diseases-drop-otc330463
Bakson Calci Aid Tablet,bottle of 200 tablets,500,440,https://www.1mg.com/otc/bakson-calci-aid-tablet-otc502732
SBL Colocynthis Dilution 200 CH,bottle of 30 ml Dilution,115,101,https://www.1mg.com/otc/sbl-colocynthis-dilution-200-ch-otc346213
SBL Acidum Phosphoricum Dilution 30 CH,bottle of 30 ml Dilution,100,90,https://www.1mg.com/otc/sbl-acidum-phosphoricum-dilution-30-ch-otc338402
Bakson's Compound # 46 Slim Tablet,bottle of 100 tablets,135,119,https://www.1mg.com/otc/bakson-s-compound-46-slim-tablet-otc503002
ADEL 20 Proaller Drop,bottle of 20 ml Drop,295,260,https://www.1mg.com/otc/adel-20-proaller-drop-otc326099
SBL Nyctanthes Arbor Tristis Mother Tincture Q,bottle of 30 ml Mother Tincture,105,101,https://www.1mg.com/otc/sbl-nyctanthes-arbor-tristis-mother-tincture-q-otc338654
SBL Symphytum Officinale Mother Tincture Q,bottle of 30 ml Mother Tincture,150,135,https://www.1mg.com/otc/sbl-symphytum-officinale-mother-tincture-q-otc338413
Dr. Reckeweg Ruta Graveolens Dilution 200 CH,bottle of 11 ml Dilution,160,149,https://www.1mg.com/otc/dr.-reckeweg-ruta-graveolens-dilution-200-ch-otc331692
SBL Orthomuv Massage Oil,bottle of 60 ml Oil,100,88,https://www.1mg.com/otc/sbl-orthomuv-massage-oil-otc329001
Dr Willmar Schwabe India Thuja Occidentalis Dilution 200 CH,bottle of 30 ml Dilution,115,103,https://www.1mg.com/otc/dr-willmar-schwabe-india-thuja-occidentalis-dilution-200-ch-otc406388
ADEL 29 Akutur Drop,bottle of 20 ml Drop,295,260,https://www.1mg.com/otc/adel-29-akutur-drop-otc326091
Bakson's Calcarea Fluorica Biochemic Tablet 6X,bottle of 4500 biochemic tablets,720,655,https://www.1mg.com/otc/bakson-s-calcarea-fluorica-biochemic-tablet-6x-otc697438
SBL Aurum Muriaticum Natronatum Trituration Tablet 3X,bottle of 25 gm Trituration Tablet,300,261,https://www.1mg.com/otc/sbl-aurum-muriaticum-natronatum-trituration-tablet-3x-otc339037
SBL Janosia Ashoka Mother Tincture Q,bottle of 30 ml Mother Tincture,105,92,https://www.1mg.com/otc/sbl-janosia-ashoka-mother-tincture-q-otc338445
SBL Thiosinaminum Trituration Tablet 3X,bottle of 25 gm Trituration Tablet,175,154,https://www.1mg.com/otc/sbl-thiosinaminum-trituration-tablet-3x-otc338959
Bakson's Calcarea Phosphorica Biochemic Tablet 12X,bottle of 4500 biochemic tablets,720,648,https://www.1mg.com/otc/bakson-s-calcarea-phosphorica-biochemic-tablet-12x-otc695102
Bakson's Biocombination 19 Tablet,bottle of 4500 biocombination tablets,720,638,https://www.1mg.com/otc/bakson-s-biocombination-19-tablet-otc694671
Dr Willmar Schwabe India Alpha - TS Drop,bottle of 30 ml Drop,125,110,https://www.1mg.com/otc/dr-willmar-schwabe-india-alpha-ts-drop-otc325917
Bakson's Calcarea Phosphorica Biochemic Tablet 30X,bottle of 4500 biochemic tablets,655,589,https://www.1mg.com/otc/bakson-s-calcarea-phosphorica-biochemic-tablet-30x-otc695104
Wheezal Calendula Nectar Prickly Heat Powder,bottle of 300 gm Powder,210,185,https://www.1mg.com/otc/wheezal-calendula-nectar-prickly-heat-powder-otc537007
Medisynth Gasgan Forte Drop,bottle of 30 ml Drop,175,154,https://www.1mg.com/otc/medisynth-gasgan-forte-drop-otc339287
Allen A15 Indigestion Gas & Acidity Drop,bottle of 30 ml Drop,170,153,https://www.1mg.com/otc/allen-a15-indigestion-gas-acidity-drop-otc330266
SBL Homeodent Saunf Toothpaste,tube of 100 gm Toothpaste,75,66,https://www.1mg.com/otc/sbl-homeodent-saunf-toothpaste-otc328968
Bakson's Magnesium Phosphoricum Biochemic Tablet 12X,bottle of 4500 biochemic tablets,720,619,https://www.1mg.com/otc/bakson-s-magnesium-phosphoricum-biochemic-tablet-12x-otc695219
Bakson's Biocombination 25 Tablet,bottle of 4500 biocombination tablets,720,640,https://www.1mg.com/otc/bakson-s-biocombination-25-tablet-otc694726
Bakson's Natrum Phosphoricum Biochemic Tablet 12X,bottle of 4500 biochemic tablets,720,619,https://www.1mg.com/otc/bakson-s-natrum-phosphoricum-biochemic-tablet-12x-otc695237
Medisynth Gasgan Pill,bottle of 25 gm Tablet,125,113,https://www.1mg.com/otc/medisynth-gasgan-pill-otc339286
SBL Sulphur Dilution 6 CH,bottle of 30 ml Dilution,100,88,https://www.1mg.com/otc/sbl-sulphur-dilution-6-ch-otc349031
Bakson B22 Sinus Drop,bottle of 30 ml Drop,175,154,https://www.1mg.com/otc/bakson-b22-sinus-drop-otc388057
Allen A89 Cholesterol Drop,bottle of 30 ml Drop,170,153,https://www.1mg.com/otc/allen-a89-cholesterol-drop-otc330355
SBL Boerhaavia Diffusa Mother Tincture Q,bottle of 30 ml Mother Tincture,105,92,https://www.1mg.com/otc/sbl-boerhaavia-diffusa-mother-tincture-q-otc348881
SBL Homeodent Tooth Paste Gel,tube of 100 gm Gel,75,67,https://www.1mg.com/otc/sbl-homeodent-tooth-paste-gel-otc330964
Dr Willmar Schwabe India Terminalia Arjuna Mother Tincture Q,bottle of 30 ml Mother Tincture,110,97,https://www.1mg.com/otc/dr-willmar-schwabe-india-terminalia-arjuna-mother-tincture-q-otc391598
SBL Chionanthus Virginica Mother Tincture Q,bottle of 30 ml Mother Tincture,365,321,https://www.1mg.com/otc/sbl-chionanthus-virginica-mother-tincture-q-otc338499
ADEL Alfalfa Tonic with Ginseng,bottle of 500 ml Tonic,1250,1100,https://www.1mg.com/otc/adel-alfalfa-tonic-with-ginseng-otc724466
Bakson Mig Aid Tablet,bottle of 200 tablets,500,440,https://www.1mg.com/otc/bakson-mig-aid-tablet-otc502878
ADEL 11 Defaeton Drop,bottle of 20 ml Drop,295,272,https://www.1mg.com/otc/adel-11-defaeton-drop-otc326112
Dr. Reckeweg Bio-Combination 19 (BC 19) Tablet,bottle of 20 gm Biocombination Tablet,185,177,https://www.1mg.com/otc/dr.-reckeweg-bio-combination-19-bc-19-tablet-otc326265
SBL Allium Cepa Dilution 30 CH,bottle of 30 ml Dilution,100,90,https://www.1mg.com/otc/sbl-allium-cepa-dilution-30-ch-otc338390
Dr Willmar Schwabe India Rhus Toxicodendron Dilution 30 CH,bottle of 30 ml Dilution,100,84,https://www.1mg.com/otc/dr-willmar-schwabe-india-rhus-toxicodendron-dilution-30-ch-otc393454
SBL Carica Papaya Mother Tincture Q,bottle of 30 ml Mother Tincture,105,94,https://www.1mg.com/otc/sbl-carica-papaya-mother-tincture-q-otc338506
New Life NL-4 Gall-B-Tone Drop,bottle of 30 ml Drop,150,132,https://www.1mg.com/otc/new-life-nl-4-gall-b-tone-drop-otc489178
Dr Willmar Schwabe India Urea Pura Dilution 6 CH,bottle of 30 ml Dilution,100,90,https://www.1mg.com/otc/dr-willmar-schwabe-india-urea-pura-dilution-6-ch-otc406538
Dr. Reckeweg Baryta Carb Dilution 30 CH,bottle of 11 ml Dilution,135,121,https://www.1mg.com/otc/dr.-reckeweg-baryta-carb-dilution-30-ch-otc328889
Bakson AC#9 Tablet,bottle of 75 tablets,215,189,https://www.1mg.com/otc/bakson-ac-9-tablet-otc502622
Dr. Reckeweg Arsenicum Album 200 CH Dilution,bottle of 11 ml Dilution,160,159,https://www.1mg.com/otc/dr.-reckeweg-arsenicum-album-200-ch-dilution-otc328907
SBL Silicea Biochemic Tablet 12X,bottle of 25 gm Biochemic Tablet,110,97,https://www.1mg.com/otc/sbl-silicea-biochemic-tablet-12x-otc368310
Dr Willmar Schwabe India Calendula Officinalis Mother Tincture Q,bottle of 30 ml Mother Tincture,110,109,https://www.1mg.com/otc/dr-willmar-schwabe-india-calendula-officinalis-mother-tincture-q-otc390831
Medisynth Aqui Folium Cream,tube of 20 gm Cream,100,90,https://www.1mg.com/otc/medisynth-aqui-folium-cream-otc339304
ADEL 23 Ricura Drop,bottle of 20 ml Drop,295,266,https://www.1mg.com/otc/adel-23-ricura-drop-otc326097
ADEL 27 Inflamyar Drop,bottle of 20 ml Drop,295,266,https://www.1mg.com/otc/adel-27-inflamyar-drop-otc326093
Dr. Reckeweg R21 Reconstituant Drop,bottle of 22 ml Drop,270,243,https://www.1mg.com/otc/dr.-reckeweg-r21-reconstituant-drop-otc327478
Bhargava Angel Gloss Complexion Cream,tube of 30 gm Cream,110,97,https://www.1mg.com/otc/bhargava-angel-gloss-complexion-cream-otc327592
Bjain Phytolacca Berry Mother Tincture Q,bottle of 100 ml Mother Tincture,505,444,https://www.1mg.com/otc/bjain-phytolacca-berry-mother-tincture-q-otc445305
SBL Tonsilat Tablet,bottle of 25 gm Tablet,165,145,https://www.1mg.com/otc/sbl-tonsilat-tablet-otc329027
SBL Calcarea Phosphorica Biochemic Tablet 12X,bottle of 25 gm Biochemic Tablet,110,97,https://www.1mg.com/otc/sbl-calcarea-phosphorica-biochemic-tablet-12x-otc331092
SBL Graphites Dilution 200 CH,bottle of 30 ml Dilution,115,82,https://www.1mg.com/otc/sbl-graphites-dilution-200-ch-otc347752
SBL Conium Maculatum Dilution 30 CH,bottle of 30 ml Dilution,100,90,https://www.1mg.com/otc/sbl-conium-maculatum-dilution-30-ch-otc338338
Dr. Reckeweg Ginkgo Biloba Mother Tincture Q,bottle of 20 ml Mother Tincture,365,329,https://www.1mg.com/otc/dr.-reckeweg-ginkgo-biloba-mother-tincture-q-otc327740
Hapdco Calendula Plus Lotion,bottle of 100 ml Lotion,135,119,https://www.1mg.com/otc/hapdco-calendula-plus-lotion-otc357808
New Life Bach Flower Aspen 30,bottle of 30 ml Dilution,125,116,https://www.1mg.com/otc/new-life-bach-flower-aspen-30-otc386704
Bakson Phytolacca Berry Tablet,bottle of 200 tablets,500,420,https://www.1mg.com/otc/bakson-phytolacca-berry-tablet-otc502895
SBL Andrographis Paniculata Mother Tincture Q,bottle of 30 ml Mother Tincture,105,103,https://www.1mg.com/otc/sbl-andrographis-paniculata-mother-tincture-q-otc338522
SBL Tonicard Gold Drop Homeopathic Medicine,bottle of 30 ml Drop,205,185,https://www.1mg.com/otc/sbl-tonicard-gold-drop-homeopathic-medicine-otc329005
SBL Colocynthis Dilution 30 CH,bottle of 30 ml Dilution,100,99,https://www.1mg.com/otc/sbl-colocynthis-dilution-30-ch-otc338341
Bhargava Lumboral Tablet,bottle of 60 tablets,160,144,https://www.1mg.com/otc/bhargava-lumboral-tablet-otc327475
SBL Stobal Cough Syrup,bottle of 115 ml Syrup,115,104,https://www.1mg.com/otc/sbl-stobal-cough-syrup-otc328987
SBL Acidum Phosphoricum Dilution 200 CH,bottle of 30 ml Dilution,115,114,https://www.1mg.com/otc/sbl-acidum-phosphoricum-dilution-200-ch-otc345638
Dr Willmar Schwabe India Damiana Mother Tincture Q,bottle of 30 ml Mother Tincture,150,132,https://www.1mg.com/otc/dr-willmar-schwabe-india-damiana-mother-tincture-q-otc390932
SBL Kali Phosphoricum Biochemic Tablet 12X,bottle of 25 gm Biochemic Tablet,110,96,https://www.1mg.com/otc/sbl-kali-phosphoricum-biochemic-tablet-12x-otc331043
SBL Mercurius Solubilis Dilution 200 CH,bottle of 30 ml Dilution,115,101,https://www.1mg.com/otc/sbl-mercurius-solubilis-dilution-200-ch-otc348311
SBL Azadirachta Indica Mother Tincture Q,bottle of 30 ml Mother Tincture,105,92,https://www.1mg.com/otc/sbl-azadirachta-indica-mother-tincture-q-otc338514
SBL Ocimum Sanctum Mother Tincture Q,bottle of 30 ml Mother Tincture,105,76,https://www.1mg.com/otc/sbl-ocimum-sanctum-mother-tincture-q-otc338436
Bhargava Tumorin Drop,bottle of 30 ml Drop,180,162,https://www.1mg.com/otc/bhargava-tumorin-drop-otc327451
Bakson's Calcarea Fluorica Biochemic Tablet 6X,bottle of 250 biochemic tablets,120,106,https://www.1mg.com/otc/bakson-s-calcarea-fluorica-biochemic-tablet-6x-otc697437
Dr. Reckeweg Sulphur Dilution 30 CH,bottle of 11 ml Dilution,135,120,https://www.1mg.com/otc/dr.-reckeweg-sulphur-dilution-30-ch-otc326404
New Life Aller-N Drop,bottle of 30 ml Drop,110,92,https://www.1mg.com/otc/new-life-aller-n-drop-otc325848
Allen Xcite Dum Drop,bottle of 30 ml Drop,399,367,https://www.1mg.com/otc/allen-xcite-dum-drop-otc330390
Dr Willmar Schwabe India Arnica Montana Dilution 200 CH,bottle of 30 ml Dilution,115,114,https://www.1mg.com/otc/dr-willmar-schwabe-india-arnica-montana-dilution-200-ch-otc372636
SBL Alfalfa Tonic with Ginseng Sugar Free,bottle of 180 ml Tonic,195,172,https://www.1mg.com/otc/sbl-alfalfa-tonic-with-ginseng-sugar-free-otc328978
SBL Gaultheria Procumbens Mother Tincture Q,bottle of 30 ml Mother Tincture,330,290,https://www.1mg.com/otc/sbl-gaultheria-procumbens-mother-tincture-q-otc348919
Haslab Drox 14 Goutrin Drop,bottle of 30 ml Drop,160,141,https://www.1mg.com/otc/haslab-drox-14-goutrin-drop-otc339516
Dr. Reckeweg R83 Food Allergy Drop,bottle of 30 ml Drop,310,273,https://www.1mg.com/otc/dr.-reckeweg-r83-food-allergy-drop-otc327403
Dr Willmar Schwabe India Bacopa Monnieri Brahmi Mother Tincture Q,bottle of 30 ml Mother Tincture,125,110,https://www.1mg.com/otc/dr-willmar-schwabe-india-bacopa-monnieri-brahmi-mother-tincture-q-otc390812
Allen Dewarts Cream,tube of 25 gm Cream,100,69,https://www.1mg.com/otc/allen-dewarts-cream-otc330457
SBL Bio-Combination 4 Tablet,bottle of 25 gm Biocombination Tablet,110,105,https://www.1mg.com/otc/sbl-bio-combination-4-tablet-otc331020
Bakson's Calendula Ointment,tube of 25 gm Ointment,70,62,https://www.1mg.com/otc/bakson-s-calendula-ointment-otc327242
Dr. Reckeweg R33 Epilepsy Drop,bottle of 22 ml Drop,270,243,https://www.1mg.com/otc/dr.-reckeweg-r33-epilepsy-drop-otc326042
Dr. Reckeweg R37 Intestinal Colic Drop,bottle of 22 ml Drop,270,249,https://www.1mg.com/otc/dr.-reckeweg-r37-intestinal-colic-drop-otc327441
Allen Snorid Drop,bottle of 30 ml Drop,170,115,https://www.1mg.com/otc/allen-snorid-drop-otc330383
Wheezal WL28 Piles Drop,bottle of 30 ml Drop,175,158,https://www.1mg.com/otc/wheezal-wl28-piles-drop-otc387902
Dr. Reckeweg Carduus Mar Mother Tincture Q,bottle of 20 ml Mother Tincture,255,229,https://www.1mg.com/otc/dr.-reckeweg-carduus-mar-mother-tincture-q-otc327435
Dr Willmar Schwabe India Nuphar Lutea Mother Tincture Q,bottle of 30 ml Mother Tincture,275,242,https://www.1mg.com/otc/dr-willmar-schwabe-india-nuphar-lutea-mother-tincture-q-otc391411
Dr Willmar Schwabe Germany Essentia Aurea Gold Drop,bottle of 20 ml Drop,330,307,https://www.1mg.com/otc/dr-willmar-schwabe-germany-essentia-aurea-gold-drop-otc327186
SBL Arnica Montana Dilution 1000 CH,bottle of 30 ml Dilution,140,123,https://www.1mg.com/otc/sbl-arnica-montana-dilution-1000-ch-otc338217
Dr Willmar Schwabe India Echinacea Angustifolia Mother Tincture Q,bottle of 30 ml Mother Tincture,220,194,https://www.1mg.com/otc/dr-willmar-schwabe-india-echinacea-angustifolia-mother-tincture-q-otc390939
SBL AF-Tabs Tablet,bottle of 25 gm Tablet,165,148,https://www.1mg.com/otc/sbl-af-tabs-tablet-otc328992
SBL Justicia Adhatoda Dilution 30 CH,bottle of 30 ml Dilution,100,90,https://www.1mg.com/otc/sbl-justicia-adhatoda-dilution-30-ch-otc348017
Dr. Reckeweg Conium Mac Dilution 200 CH,bottle of 11 ml Dilution,160,144,https://www.1mg.com/otc/dr.-reckeweg-conium-mac-dilution-200-ch-otc336003
Allen A90 Ovarian Cysts Drop,bottle of 30 ml Drop,170,150,https://www.1mg.com/otc/allen-a90-ovarian-cysts-drop-otc330237
SBL Causticum Dilution 30 CH,bottle of 30 ml Dilution,100,99,https://www.1mg.com/otc/sbl-causticum-dilution-30-ch-otc338354
Dr Willmar Schwabe India Arsenicum Album Dilution 30 CH,bottle of 30 ml Dilution,100,76,https://www.1mg.com/otc/dr-willmar-schwabe-india-arsenicum-album-dilution-30-ch-otc396377
Dr. Reckeweg Aconitum Napellus Dilution 200 CH,bottle of 11 ml Dilution,160,158,https://www.1mg.com/otc/dr.-reckeweg-aconitum-napellus-dilution-200-ch-otc335450
Dr Willmar Schwabe India Alfalfa Tonic For Children,bottle of 100 ml Tonic,130,114,https://www.1mg.com/otc/dr-willmar-schwabe-india-alfalfa-tonic-for-children-otc407044
SBL Staphysagria Dilution 200 CH,bottle of 30 ml Dilution,115,101,https://www.1mg.com/otc/sbl-staphysagria-dilution-200-ch-otc348744
SBL Apis Mellifica Dilution 200 CH,bottle of 30 ml Dilution,115,101,https://www.1mg.com/otc/sbl-apis-mellifica-dilution-200-ch-otc345899
Medisynth Witch Hazel Cream,tube of 20 gm Cream,100,90,https://www.1mg.com/otc/medisynth-witch-hazel-cream-otc325282
Hapdco Cholerasol Drop,bottle of 30 ml Drop,90,81,https://www.1mg.com/otc/hapdco-cholerasol-drop-otc386096
ADEL 85 Neu-Regen Tonic,bottle of 250 ml Tonic,760,642,https://www.1mg.com/otc/adel-85-neu-regen-tonic-otc327650
Dr. Reckeweg R87 Anti Bacterial Drop,bottle of 30 ml Drop,310,307,https://www.1mg.com/otc/dr.-reckeweg-r87-anti-bacterial-drop-otc326038
Bakson Mig Aid Tablet,bottle of 75 tablets,215,189,https://www.1mg.com/otc/bakson-mig-aid-tablet-otc327318
Dr Willmar Schwabe India Nux Vomica Dilution 200 CH,bottle of 30 ml Dilution,115,114,https://www.1mg.com/otc/dr-willmar-schwabe-india-nux-vomica-dilution-200-ch-otc394789
ADEL 48 Itires Drop,bottle of 20 ml Drop,295,260,https://www.1mg.com/otc/adel-48-itires-drop-otc326079
Dr. Reckeweg Pulsatilla Dilution 200 CH,bottle of 11 ml Dilution,160,141,https://www.1mg.com/otc/dr.-reckeweg-pulsatilla-dilution-200-ch-otc331725
SBL Ammi Visnaga Cream,tube of 25 gm Cream,75,67,https://www.1mg.com/otc/sbl-ammi-visnaga-cream-otc330976
ADEL 33 Apo-Oedem Drop,bottle of 20 ml Drop,295,242,https://www.1mg.com/otc/adel-33-apo-oedem-drop-otc327728
