Product_name,brand_name,Key_benefits ,Key_ingredients,rating,number_of_rating,price_of_the_bottle
Dr Willmar Schwabe India Berberis Aquifolium Mother Tincture Q,Dr Willmar Schwabe India Pvt Ltd,skin,Berberis Aquifolium,4.3,775,180
Dr Willmar Schwabe Germany Cineraria Maritima Without Alcohol Eye Drop,Dr Willmar Schwabe India Pvt Ltd,eye,Seneciobicolor (cineraria maritima),4.6,1419,154
SBL Arnica Montana Herbal Shampoo with TJC,SBL Pvt Ltd,hair,"Arnica, Jaborandi, Thuja, and Calendula",4.4,779,150
Boericke and Tafel Arnica Shampoo,Dr Willmar Schwabe India Pvt Ltd,hair,"Arnica, Jaborandi, Salvia",4.3,261,180
Dr. Reckeweg R78 Eye Care Drop,Dr Reckeweg & Co,eye,"Aconitum,Euphrasia,Belladonna,Hamamelis,Kalium carbonicum,Mercurius bijodatus",4.5,118,243
Bakson's Vitamin D Plus Capsule,Bakson's Homeopathy,bone,Vitamin D,4.4,132,225
Hapdco Rheumacon Pain Relief Oil,HAPDCO,bone,"Arnica Montana,Cantharis,Rhus Toxicodendron,Camphoa,Mentholum",4.3,185,154
Fourrts Gum Forte Gel Homoeopathic Toothpaste,Fourrts India Laboratories Pvt Ltd,digestion,"Plantago Q,Kreosotum Q,Calendula Q,Borax 6x Gel base tooth paste",4.6,195,94
SBL Jaborandi Hair Oil,SBL Pvt Ltd,hair,Extract of Jaborandi herb,4.4,267,218
SBL Cineraria Maritima 10% Eye Drop,SBL Pvt Ltd,eye,"Cineraria maritima,Glycerinum,Phenyl Mercuric Nitrate,Aqua Distilled",4.5,260,124
ADEL Diacard Gold Madaus Drop Homeopathic Medicine,Adel Pekana Germany,heart,"Cactus grandiflorus.2X, Crataegus, Strophantus 4X, Camphora 2X, Aether, Sulfuricus. 1X, Aurum. Mur. Natr. 4X, Valeriana, Alcohol",4.6,347,494
Bjain Guatteria Gaumeri Drop,Bjain Pharmaceuticals Pvt Ltd,digestion,Guatteria Gaumeri,4.6,245,321
SBL Sarracenia Purpurea Dilution 1000 CH,SBL Pvt Ltd,skin,Sarracenia Purpurea,4.8,26,123
Dr. Reckeweg Calcarea Phosphorica Biochemic Tablet 6X,Dr Reckeweg & Co,bone,Calcarea Phosphorica,4.7,909,179
Dr. Reckeweg R41 sexual Neurasthenia Drop,Dr Reckeweg & Co,sexual,"Acidum phosphoricum, Agnus castus, China, Conium, Damiana, Phosphorus, Sepia",4.1,1156,224
Bakson Y-Lax Tablet,Bakson Drugs & Pharmaceuticals Pvt. Ltd.,digestion,"Phenolphthalein 1x, Senna 1x and Sulphur 1x.",4.5,662,364
Dr Willmar Schwabe India Thyroidinum Trituration Tablet 3X,Dr Willmar Schwabe India Pvt Ltd,bone,Thyroidinum 3X,4.5,320,209
SBL Stobal Cough Syrup,SBL Pvt Ltd,respiration,"Pulsatilla Nigricans 3, Justicia Adhatoda 3x, Rumex Crispus 3x, Ipecacuanha 3",4.6,1288,172
Dr. Reckeweg Berberis Vul Mother Tincture Q,Dr Reckeweg & Co,bone,Berberis Vulgaris,4.5,725,143
Dr. Reckeweg R73 jointst Pain Drop,Dr Reckeweg & Co,bone,"Acidum sulfuricum, Argentum, Arnica, Bryonia, Causticum Hahnemann, Ledum",4.5,665,229
Dr. Reckeweg R89 Hair Care Drop,Dr Reckeweg & Co,hair,"Hypophysis, Juglans, Kalium phosphoricum, Polysorbatum, Testes",4.3,1281,238
Dr Willmar Schwabe India Damiaplant Drop,Dr Willmar Schwabe India Pvt Ltd,sexual,"Damiana Ø1x 10%, Ginseng Ø1x: 10%, Agnus castus 2x: 10%, Nuphar luteum 2x: 10%, Muira puama Ø1x: 10%",4,658,273
SBL Arnica Montana Hair Oil with Tjc,SBL Pvt Ltd,hair,"Jaborandi, cantharis, thuja, china, calendula, arnica.",4.4,618,374
SBL Nux Vomica Dilution 30 CH,SBL Pvt Ltd,joints,Nux Vomica,4.6,2193,132
SBL Scalptone Tablet,SBL Pvt Ltd,hair,"Acidum fluoricum 3x,Acidum phosphoricum 3x,Natrum muriaticum 3x,Calcarea phosphorica 3x,Badiaga 3x",4.2,350,90
SBL Clearstone Drop,SBL Pvt Ltd,digestion,"Berberis vulgaris Q, Sarsaparilla Q, Ocimum canum Q, Solidago virgaurea Q, Pareira brava Q, Senecio aureus Q",4.5,862,152
Dr. Reckeweg R13 Hemorrhoidal Drop,Dr Reckeweg & Co,digestion,"Acidum nitricum, Aesculus, Collinsonia canadensis, Hamamelis, Kalium carbonicum",4.4,646,145
Bhargava Spondin Drop,Bhargava Phytolab,bone,"Cuprum metallicium 6X, Ruta graveolens 3X, Dulcamera 3X, Conium maculatum 3X, Ledum palustre 2X, Hypericum perforatum 5X, Colocynthis vulgaris 3X",4.6,1008,238
Dr. Reckeweg R25 Prostatitis Drop,Dr Reckeweg & Co,digestion,"Chimaphila umbellata, Clematis, Conium, Ferrum picrinicum, Pareira brava, Populus tremul.",4.5,519,170
Bakson Aller Aid Tablet,Bakson Drugs & Pharmaceuticals Pvt. Ltd.,respiratory,"Ferrum phosphoricum 3x, Natrum muriaticum 3x, Kali sulphuricum 3x, Kali muriaticum 3x, Baptisia tinctoria 3x, Bryonia alba 3x, Causticum 3x, Eucalyptus globulus 3x, Gelsemium sempervirens 3x, Sabadilla 3x & Eupatorium perfoliatum 3x",4.4,595,238
SBL Nux Vomica Dilution 200 CH,SBL Pvt Ltd,respiratory,Nux Vomica,4.6,2193,440
SBL Berberis Vulgaris Mother Tincture Q,SBL Pvt Ltd,digestion,Berberis vulgaris,4.6,799,101
Dr. Reckeweg R40 Diabetes Drop Homeopathic Medicine,Dr Reckeweg & Co,sexual,"Acidum Phosphoricum, Arsenicum Album, Lycopodium, Natrium Sulfuricum, Phaseolus Nanus, Secale Cornutum, Uranium Nitricum",4.5,505,92
SBL Syzygium Jambolanum Mother Tincture Q,SBL Pvt Ltd,digestion,Syzgium Jambolanum,4.6,931,238
SBL Arnica Montana Dilution 200 CH,SBL Pvt Ltd,joints,Arnica Montana,4.6,1943,91
SBL Berberis Aquifolium Gel,SBL Pvt Ltd,skin,"Berberisaquifolium,Sandalwood,Turmeric",4.3,810,104
Dr. Reckeweg R42 Varicosis Drop,Dr Reckeweg & Co,skin,"Aesculus, Calcium fluoratum, Carduus marianus, Hamamelis, Mezereum, Placenta",4.4,440,68
Dr. Reckeweg R71 Sciatica Drop,Dr Reckeweg & Co,bone,"Aconitum D4, Arsenic. Album D30, Colocynthis D4, Gnaphalium Polycephalum D3, Magnesium Phosphoricum D8",4.4,568,238
SBL Tonicard Gold Drop Homeopathic Medicine,SBL Pvt Ltd,heart,"Cactus grandiflorus Q, Crataegus oxyacantha Q, Convallaria majalis Q, Valeriana Officinalis Q, Strophanthus hispidus Q, Aurum muriaticum natronatum 3x, Camphora 2x",4.7,734,243
Dr. Reckeweg R5 Stomach and Digestion Drop,Dr Reckeweg & Co,digestion,"Anacardium, Argentum nitricum, Arsenicum album, Belladona, Carbo vegetabilis, Chamomilla",4.5,624,374
SBL Calcarea Fluorica Biochemic Tablet 6X,SBL Pvt Ltd,skin,Calcium Flouricum,4.5,1123,238
SBL Kali Phosphoricum Biochemic Tablet 6X,SBL Pvt Ltd,skin,Calcium Flouricum,4.6,1082,97
Dr. Reckeweg R11 Rheumatism Drop,Dr Reckeweg & Co,joints,"Berberis, Calcium phosphoricum, Causticum Hahnemanni, Rhododendron, Rhus toxicodendron",4.6,439,97
Dr. Reckeweg R7 Liver and Gallbladder Drop,Dr Reckeweg & Co,digestion,"Carduus marianus, Chelidonium, Cholesterinum, Colocynthis, Lycopodium, Nux vomica",4.6,476,255
Dr Willmar Schwabe Germany Cineraria Maritima Schwabe Eye Drop Alcohol Free,Dr Willmar Schwabe India Pvt Ltd,eye,"Cineraria maritima mother tincture, glycerinum 1X.",4.4,164,238
Dr. Reckeweg R59 Weight Loss,Dr Reckeweg & Co,digestion,"Calcium Carb. Hahnem. D12, Fucus Vesiculos. D2, Graphites D12, Natrium Sulfuric. D2, Croton Tiglium D4, Spongia D3",4.1,408,188
Dr. Reckeweg R65 Psoriasis Drop,Dr Reckeweg & Co,skin,"Berberis Aquifol. Q, Calcium Carbonic. Hahnemanni D30, Graphites D12, Hydrocotyle Asiatica D2, Natrium Chloratum D30, Arsenicum Album D12.",4.4,363,243
Bakson Throat Aid Tablet,Bakson Drugs & Pharmaceuticals Pvt. Ltd.,respiratory,"Mercurius iodatus ruber (Merc.bin.iod) 6x, Belladona 3x, Kalium muriaticum 3x, Baryta carbonica 6x, Ferrum phosphoricum 3x, Senega 3x and Ammonium muriaticum 3x",4.5,482,238
SBL Prostonum Drop,SBL Pvt Ltd,sexual,"Sabal serrulata 2x, Chimaphila 3x, Clematis erecta 3x, Conium maculatum 3x, Pareira brava 3x, Pulsatilla nigricans 3x.",4.5,678,342
SBL Jaborandi Mother Tincture Q,SBL Pvt Ltd,hair ,Jaborandi,4.4,560,150
SBL Liv T Tonic,SBL Pvt Ltd,digestion,"Andrographis paniculata Q, Carduus marianus Q, Chelidonium majus Q, Hydrastis canadensis Q, Ipecacuanha Q, Podophyllum peltatum Q, Taraxacum officinale Q",4.5,668,132
SBL Chelidonium Majus Mother Tincture Q,SBL Pvt Ltd,eye,Chelidonium Majus,4.5,656,150
Allen A84 Lipoma Drop,Allen Homoeo & Herbal Products Ltd,skin,"Baryta Carbonica 3x, Calcarea Arsenicosa 3x, Calcarea Carbonica 3x, Calcarea Fluorica 3x Lapis Albus 3x, Radium Bromide 3x,",4.1,373,132
SBL Calcarea Phosphorica Biochemic Tablet 6X,SBL Pvt Ltd,bone,Calcarea phosphorica,4.6,837,153
SBL Alfalfa Tonic with Ginseng,SBL Pvt Ltd,digestion,"Alfalfa, Avena Sativa",4.4,791,97
Dr. Reckeweg Kali Phosphoricum Biochemic Tablet 6X,Dr Reckeweg & Co,mental health,Kali Phosphoricum,4.6,520,139
Dr. Reckeweg Aalserum 7X Mother Tincture Q,Dr Reckeweg & Co,digestion,Aalserum,4.6,277,189
Dr. Reckeweg Testes Siccati Trituration Tablet 3X,Dr Reckeweg & Co,sexual,Testes extract,4.3,353,189
SBL Dibonil Drop,SBL Pvt Ltd,mental health,"Cephalandra Indica Q, Gymnema Sylvestre Q, Syzygium Jambolanum Q,",4.6,600,166
SBL Arsenicum Album Dilution 30 CH,SBL Pvt Ltd,mental health,"Cephalandra Indica Q, Gymnema Sylvestre Q, Syzygium Jambolanum Q,",4.6,1126,230
SBL Phytolacca Berry Mother Tincture Q,SBL Pvt Ltd,mental health,"Cephalandra Indica Q, Gymnema Sylvestre Q, Syzygium Jambolanum Q,",4.4,266,211
SBL Arnica Montana Dilution 30 CH,SBL Pvt Ltd,mental health,"Cephalandra Indica Q, Gymnema Sylvestre Q, Syzygium Jambolanum Q,",4.6,1943,119
SBL Hydrastis Canadensis Mother Tincture Q,SBL Pvt Ltd,mental health,"Cephalandra Indica Q, Gymnema Sylvestre Q, Syzygium Jambolanum Q,",4.5,357,90
SBL Thuja Occidentalis Dilution 200 CH,SBL Pvt Ltd,mental health,"Cephalandra Indica Q, Gymnema Sylvestre Q, Syzygium Jambolanum Q,",4.4,1002,211
Bakson's Vitamin D Plus Tablet,Bakson's Homeopathy,bone,"Calcium,vitamin D",4.6,218,88
Dr. Reckeweg R49 Sinus Drop,Dr Reckeweg & Co,mental health,"Arsenicum album, Calcium carbonicum Hahnemanni, Cinnabaris, Kalium bichromicum, Pulsatilla",4.6,350,425
Wheezal Mel-X Melasma Tablet,Wheezal Homeo Pharma,skin,Caulophyllum,4,166,106
Dr. Reckeweg R85 High Blood Pressure Drop,Dr Reckeweg & Co,mental health,"Allium Sativum D3, Citrus Medica Limonum D3, Cor D30, Glandulae Suprarenales D30",4.6,270,141
SBL Bio-Combination 20 Tablet,SBL Pvt Ltd,skin,"Allium Sativum D3, Citrus Medica Limonum D3, Cor D30, Glandulae Suprarenales D31",4.4,334,240
New Life NL-2 Blood Urea Creatinin Drop,New Life Laboratories Pvt Ltd,heart,Lycopodium Clavatum,4.4,281,207
Dr. Reckeweg R27 Renal Calculi Drop,Dr Reckeweg & Co,digestion,Cydonia Vulgaris,4.5,318,273
Dr. Reckeweg Rhus Tox Dilution 200 CH,Dr Reckeweg & Co,digestion,Arsenicum album,4.6,802,97
Dr. Reckeweg Nux Vomica Dilution 30 CH,Dr Reckeweg & Co,respiration,Bryonia Alba,4.6,811,104
SBL Five Phos Tablet 6X,SBL Pvt Ltd,respiration,Kali phosphoricum 200x,4.6,443,238
SBL Sabal Serrulata Mother Tincture Q,SBL Pvt Ltd,digestion,Belladonna,4.5,321,144
SBL Rhus Toxicodendron Dilution 200 CH,SBL Pvt Ltd,digestion,Arnica Dilution,4.6,957,135
Dr. Reckeweg R16 Migraine and Neuralgia Drop,Dr Reckeweg & Co,respiration,Nux Vomica,4.5,313,99
SBL Berberis Aquifolium Mother Tincture Q,SBL Pvt Ltd,sexual,Passiflora Incarnata,4.5,284,274
SBL Rite-Hite Tablet,SBL Pvt Ltd,bone,Colocynth 3x,4.3,327,101
SBL Crataegus Oxyacantha Q Mother Tincture,SBL Pvt Ltd,sexual,Avena Sativa,4.7,596,252
Dr. Reckeweg Ashwagandha Mother Tincture Q,Dr Reckeweg & Co,digestion,Arsenicum album,4.5,313,211
Hapdco Aqui Plus Cream,HAPDCO,skin,Thuja Occidentalis,4.3,476,145
SBL Damiagra Forte Drop,SBL Pvt Ltd,bone,Damiana,4,293,92
Bakson's Calcarea Phosphorica Biochemic Tablet 6X,Bakson's Homeopathy,bone,Calcarea phosphorica 200x,4.4,34,335
Dr. Reckeweg R9 Cough Drop,Dr Reckeweg & Co,respiration,Belladonna,4.6,401,211
Dr. Reckeweg R82 Anti Fungal Drop,Dr Reckeweg & Co,skin,"Aspergillus niger,",4.3,370,107
SBL Lycopodium Clavatum Dilution 30 CH,SBL Pvt Ltd,digestion,Lycopodium Clavatum,4.5,967,352
Dr. Reckeweg Bio-Combination 21 (BC 21) Tablet,Dr Reckeweg & Co,skin,Calcarea Phosphorica,4.8,204,634
Dr. Reckeweg R84 Inhalent Allergy Drop,Dr Reckeweg & Co,respiration,Adrenalium D5,4.5,298,243
SBL Bryonia Alba Dilution 30 CH,SBL Pvt Ltd,respiration,Bryonia Alba,4.6,1186,296
SBL Calendula Cream,SBL Pvt Ltd,skin,Ointment Base Q.S. to 100 g ,4.7,531,92
Bakson Rheum Aid Tablet,Bakson Drugs & Pharmaceuticals Pvt. Ltd.,bone,Calcarea phosphorica 3x,4.6,157,163
Bakson Gastro Aid Tablet,Bakson Drugs & Pharmaceuticals Pvt. Ltd.,heart,"Acid phosphor,",4.5,178,308
Bakson Gastro Aid Tablet,Bakson Drugs & Pharmaceuticals Pvt. Ltd.,digestion,Robinia pseudoacacia 3x,4.5,178,92
SBL Magnesia Phosphorica Biochemic Tablet 6X,SBL Pvt Ltd,digestion,Magnesium phosphorica,4.7,573,67
Medisynth Wartex Cream,Medisynth Chemicals Pvt Ltd,skin,Antimonium Crudum 1x,4,227,968
SBL Gymnema Sylvestre Mother Tincture Q,SBL Pvt Ltd,digestion,Extract of perennial woody vine,4.6,375,440
SBL Bio-Combination 21 Tablet,SBL Pvt Ltd,skin,Calcarea phosphorica,4.6,294,440
Dr. Reckeweg Lycopodium Dilution 200 CH,Dr Reckeweg & Co,skin,Lycopodium Clavatum,4.5,669,88
ADEL 4 Apo-Rheum Drop,Adel Pekana Germany,bone,Arnica montana 6x,4.5,241,98
SBL FP-Tabs Tablet,SBL Pvt Ltd,heart,Hamamelis Virginica,4.4,436,92
Bakson's Magnesium Phosphoricum Biochemic Tablet 6X,Bakson's Homeopathy,mental health,Magnesium phosphoricum 200x,4.7,45,97
Bakson's Kali Phosphoricum Biochemic Tablet 6X,Bakson's Homeopathy,respiration,Kali phosphoricum 200x,4.5,30,144
Bakson's Calcarea Phosphorica Biochemic Tablet 3X,Bakson's Homeopathy,bone,Calcarea phosphorica 200x,4.4,34,260
Dr Willmar Schwabe Germany Biofungin Syrup,Dr Willmar Schwabe India Pvt Ltd,bone,Magnesium borocitricum,4.7,153,152
Dr. Reckeweg R18 Kidney And Bladder Drop,Dr Reckeweg & Co,digestion,Berberis,4.5,180,634
SBL Homeocal Tablet,SBL Pvt Ltd,bone,Calcerea carbonica 3x,4.6,441,634
Bakson Pilgo Tablet,Bakson Drugs & Pharmaceuticals Pvt. Ltd.,digestion,Ratanhia 2x,4.4,265,563
SBL Bio-Combination 25 Tablet,SBL Pvt Ltd,digestion,Natrum phosphoricum,4.7,420,756
SBL Rauwolfia Serpentina Mother Tincture Q,SBL Pvt Ltd,heart,Rauwolfia Serpentina,4.6,386,238
New Life Bach Flower Rescue Remedy 30,New Life Laboratories Pvt Ltd,mental health,Rock Rose,4.5,609,144
SBL Tribulus Terrestris Mother Tincture Q,SBL Pvt Ltd,heart,Tribulus Terrestris,4.4,286,189
Wheezal Hekla Lava Dental Cream,Wheezal Homeo Pharma,mental health,Plantago Q,4.5,510,97
SBL Arnica Gel,SBL Pvt Ltd,bone,Arnica montana,4.7,339,100
SBL Sulphur Dilution 200 CH,SBL Pvt Ltd,skin,Sugar of milk,4.4,951,113
SBL Bio-Combination 6 Tablet,SBL Pvt Ltd,respiration,Ferrum phosphoricum,4.7,600,83
SBL Carbo Vegetabilis Dilution 30 CH,SBL Pvt Ltd,respiration,Carbo Vegetabilis,4.6,997,81
Dr. Reckeweg R2 Essentia Aurea-Gold Drop,Dr Reckeweg & Co,heart,Aconitum,4.8,196,66
Bakson Homoeopathic Formula 'D' Tablet,Bakson Drugs & Pharmaceuticals Pvt. Ltd.,skin,Calcarea fluorica 3x,4,292,376
SBL Cineraria Maritima Euphrasia Eye Drop,SBL Pvt Ltd,eye,Cineraria Maritima,4.5,557,101
Hapdco Marks Go Cream,HAPDCO,skin,Curcuma longa,4.2,297,93
Dr. Reckeweg R14 Nerve And Sleep Drop,Dr Reckeweg & Co,mental health,Ammonium bromatum,4.4,208,88
SBL Alfalfa Malt Energy Stimulant Delicious Chocolate,SBL Pvt Ltd,blood,Alfalfa Q,4.4,255,243
Medisynth Pilen Forte Drop,Medisynth Chemicals Pvt Ltd,skin,Acidum Nitricum,4.3,252,167
SBL Terminalia Arjuna Mother Tincture Q,SBL Pvt Ltd,heart,"Terminalia Arjuna
",4.7,357,115
ADEL 39 Apo-Sciatica Drop,Adel Pekana Germany,mental health,Arnica montana 6X,4.4,274,84
SBL Nixocid Tablet,SBL Pvt Ltd,blood,Naturm phosphoricum,4.5,420,264
SBL Urtica Urens Mother Tincture Q,SBL Pvt Ltd,skin,"Urtica Urens
",4.5,389,296
Dr. Reckeweg Lycopodium Dilution 30 CH,Dr Reckeweg & Co,heart,Lycopodium Clavatum,4.5,669,108
Dr Willmar Schwabe India Cydonia Vulgaris Mother Tincture Q,Dr Willmar Schwabe India Pvt Ltd,digestion,Cydonia Vulgaris,4.2,334,158
Dr. Reckeweg Arsenicum Album 30 CH Dilution,Dr Reckeweg & Co,digestion,Arsenicum album,4.7,421,92
SBL Bryonia Alba Dilution 200 CH,SBL Pvt Ltd,respiration,Bryonia Alba,4.6,1186,266
Bakson's Kali Phosphoricum Biochemic Tablet 12X,Bakson's Homeopathy,respiration,Kali phosphoricum 200x,4.5,30,148
SBL Belladonna Dilution 30 CH,SBL Pvt Ltd,digestion,Belladonna,4.6,1016,92
Dr Willmar Schwabe India Arnica Montana Mother Tincture Q,Dr Willmar Schwabe India Pvt Ltd,digestion,Arnica Dilution,4.6,310,121
Dr. Reckeweg Nux Vomica Dilution 200 CH,Dr Reckeweg & Co,respiration,Nux Vomica,4.6,811,250
SBL Passiflora Incarnata Mother Tincture Q,SBL Pvt Ltd,sexual,Passiflora Incarnata,4.6,324,121
Haslab Drox 24 Sciatec Drop,HASLAB,bone,Colocynth 3x,4.3,65,101
SBL Avena Sativa Mother Tincture Q,SBL Pvt Ltd,sexual,Avena Sativa,4.5,333,619
Allen A87 Creatinine & Blood Urea Drop,Allen Homoeo & Herbal Products Ltd,digestion,Arsenicum album,4.7,160,92
SBL Caladium Seguinum Dilution 30 CH,SBL Pvt Ltd,respiration,Caladium Seguinum,4.2,615,202
SBL Damiana Mother Tincture Q,SBL Pvt Ltd,digestion,Damiana Dilution,4.3,305,144
SBL Thuja Ointment,SBL Pvt Ltd,skin,Thuja occidentalis M,4.3,375,113
Bakson Sinus Aid Tablet,Bakson Drugs & Pharmaceuticals Pvt. Ltd.,respiration,Arsenicum album 6x,4.4,124,144
New Life NL-3 Blood Cholestrol Drop,New Life Laboratories Pvt Ltd,heart,Chelidonium,4.5,229,94
SBL Five Phos A+ Nerve Tonic,SBL Pvt Ltd,heart,Calcarea phosphorica 3x,4.5,157,123
Dr Willmar Schwabe India Sabal Serrulata Mother Tincture Q,Dr Willmar Schwabe India Pvt Ltd,mental health,Sabal serrulata mother tincture,4.5,259,87
Dr. Reckeweg Vita-C 15 Sedative Nerve Tonic,Dr Reckeweg & Co,mental health,Acidum phosphoricum D3,4.4,141,124
Dr. Reckeweg R95 Alfalfa Tonic,Dr Reckeweg & Co,mental health,Acidum Phosphoricum D2 4,4.6,169,68
Dr. Reckeweg R3 Heart Drop,Dr Reckeweg & Co,heart,Cactus D2,4.6,231,189
Dr. Reckeweg R1 Inflammation Drop,Dr Reckeweg & Co,respiration,Cactus D2,4.7,233,132
Dr. Reckeweg R29 Vertigo And Syncope Drop,Dr Reckeweg & Co,mental health,Argentum nitricum,4.5,189,119
SBL Thuja Roll-On,SBL Pvt Ltd,skin,Thuja Occidentalis MT,4.2,329,282
Dr. Reckeweg Bio-Combination 20 (BC 20) Tablet,Dr Reckeweg & Co,skin,Calcarea Fluorica,4.3,163,588
SBL Cephalandra Indica Mother Tincture Q,SBL Pvt Ltd,eye,Cephalandra Indica,4.6,274,580
SBL Carduus Marianus Mother Tincture Q,SBL Pvt Ltd,eye,Carduus Marianus,4.6,209,243
Dr. Reckeweg Aconitum Napellus Dilution 30 CH,Dr Reckeweg & Co,eye,Ethanol,4.7,458,238
Dr. Reckeweg R64 Albuminuria Drop,Dr Reckeweg & Co,digestion,Helonias dioica D3,4.6,125,252
Bjain Syzygium Jambolanum Mother Tincture Q,Bjain Pharmaceuticals Pvt Ltd,skin,Syzgium Jambolanum,4.6,277,45
SBL Euphrasia 10% Eye Drop,SBL Pvt Ltd,eye,Euphrasia Officinalis Q,4.6,343,167
Dr Willmar Schwabe Germany Gastrobin Drop,Dr Willmar Schwabe India Pvt Ltd,digestion,Naturm phosphoricum,4.6,170,91
SBL Bio-Combination 19 Tablet,SBL Pvt Ltd,skin,Ferrum phosphoricum,4.6,330,135
Dr Willmar Schwabe India Alpha-Liv Liver Tonic,Dr Willmar Schwabe India Pvt Ltd,digestion,Carduus Marianus,4.5,250,121
Dr. Reckeweg Arnica Mont Dilution 200 CH,Dr Reckeweg & Co,eye,Arnica Dilution,4.6,434,238
Dr Willmar Schwabe India Cydonia Vulgaris Dilution 30 CH,Dr Willmar Schwabe India Pvt Ltd,sexual,Cydonia Vulgaris,4.1,511,172
SBL Lycopodium Clavatum Dilution 200 CH,SBL Pvt Ltd,digestion,Lycopodium Clavatum,4.5,967,81
SBL Mullein Ear Drop,SBL Pvt Ltd,bone,Mullein flower,4.5,407,202
Dr. Reckeweg Carbo Veg Dilution 30 CH,Dr Reckeweg & Co,digestion,Carbo Vegetabilis,4.7,578,97
Dr. Reckeweg R23 Eczema Drop,Dr Reckeweg & Co,skin,Apis mellifica,4.5,182,308
Bangalore Bio-Plasgens Soundarya Complexion Cream,Bangalore Bio-Plasgens,skin, Berberis aquifolium,4.2,280,148
Dr. Reckeweg Five Phos 6X Tablet,Dr Reckeweg & Co,mental health,Calcium,4.8,161,85
SBL Calendula Officinalis Mother Tincture Q,SBL Pvt Ltd,bone,Calendula Officinalis,4.6,373,106
Dr Willmar Schwabe India Berberis Vulgaris Mother Tincture Q,Dr Willmar Schwabe India Pvt Ltd,skin,Berberis Vulgaris,4.4,252,57
St. George’s Erectin Q L Drop,St. George’s Homoeopathy,bone,Yohimbinum,3.8,53,122
ADEL 12 Dercut Drop,Adel Pekana Germany,skin,Hydrocotyle,4.5,162,238
Lord's Ylo Tablet,Lord's Homoeopathic Laboratory Pvt Ltd,bone,Phenolphthalein 1x,4.6,93,97
ADEL 28 Plevent Drop,Adel Pekana Germany,heart,Equisetum arvense 6X,4.6,146,183
SBL Tranquil Tablet,SBL Pvt Ltd,mental health,Abrus precatorius,4.6,293,92
SBL Rhus Toxicodendron Dilution 30 CH,SBL Pvt Ltd,respiration,Rhus Toxicodendron,4.6,957,77
Dr. Reckeweg Rhus Tox Dilution 30 CH,Dr Reckeweg & Co,respiration,Rhus Toxicodendron,4.6,802,141
SBL FP Ointment,SBL Pvt Ltd,digestion,Hamamelis virginica,4.3,321,245
Dr. Reckeweg Bio-Combination 6 (BC 6) Tablet,Dr Reckeweg & Co,heart,Ferrum Phosphoricum,4.7,208,142
SBL Ginkgo Biloba Mother Tincture Q,SBL Pvt Ltd,skin,Ginkgo biloba,4.6,235,266
ADEL 64 Mundipur Uric Acid Drop,Adel Pekana Germany,digestion,Berberis Vulgaris,4.4,123,152
SBL Echinacea Angustifolia Mother Tincture Q,SBL Pvt Ltd,digestion,Echinacea Angustifolia,4.6,251,90
Dr Willmar Schwabe India Crataegus Oxyacantha Mother Tincture Q,Dr Willmar Schwabe India Pvt Ltd,heart, crataegus oxyacantha,4.6,296,121
Dr. Reckeweg Thuja Occ Dilution 200 CH,Dr Reckeweg & Co,skin,Thuja Occidentalis,4.5,462,70
ADEL 18 Glucorect Drop,Adel Pekana Germany,blood,Acidum Lacticum,4.4,163,167
SBL Aconitum Napellus Dilution 30 CH,SBL Pvt Ltd,mental health,Ethanol,4.6,598,198
Bakson's Calcarea Fluorica Biochemic Tablet 12X,Bakson's Homeopathy,skin,Calcarea fluorica 200x,4.3,58,266
Bakson Tonsil Aid Tablet,Bakson Drugs & Pharmaceuticals Pvt. Ltd.,respiration,Mercurius iodatus ruber,4.5,136,194
Bakson Tonsil Aid Tablet,Bakson Drugs & Pharmaceuticals Pvt. Ltd.,respiration,Mercurius iodatus ruber ,4.5,136,97
Dr. Reckeweg Syzygium Jamb Mother Tincture Q,Dr Reckeweg & Co,skin,Syzgium Jambolanum,4.7,194,141
SBL Cholesterinum Trituration Tablet 3X,SBL Pvt Ltd,mental health,Cholesterinum,4.6,260,265
Dr. Reckeweg R51 Thyroid Intoxication Drop,Dr Reckeweg & Co,respiration,Belladona D30,4.6,143,92
Dr. Reckeweg R19 Glandular Drops for Men,Dr Reckeweg & Co,skin,Glandulae suprarenales,4.2,113,619
SBL Guatteria Gaumeri Mother Tincture Q,SBL Pvt Ltd,blood,Guatteria gaumeri,4.7,73,440
SBL Ferrum Phosphoricum Biochemic Tablet 6X,SBL Pvt Ltd,blood,Ferrum Phosphoricum,4.6,413,229
Haslab Drox 20 Pilovarin Drop,HASLAB,digestion,Aesculus hip 3x,4.6,88,154
ADEL 25 Somcupin Drop,Adel Pekana Germany,mental health,Argentum nitricum,4.2,187,243
SBL Arnica Montana Herbal Shampoo With Conditioner,SBL Pvt Ltd,hair ,Arnica,4.4,332,252
Wheezal Hekla Lava Tooth Powder,Wheezal Homeo Pharma,blood,Plantago Q,4.4,388,290
SBL Leptandra Mother Tincture Q,SBL Pvt Ltd,eye,Leptandra,4.1,22,97
SBL Agnus Castus Dilution 30 CH,SBL Pvt Ltd,sexual,Angus Castus,4.3,319,147
Similia Moringa Oleifera Mother Tincture Q,Similia Homoeo Laboratory,blood,Moringa Oleifera,4.6,74,260
SBL Carbo Vegetabilis Dilution 200 CH,SBL Pvt Ltd,respiration,Carbo Vegetabilis,4.6,997,155
Dr Willmar Schwabe India Jaborandi Mother Tincture Q,Dr Willmar Schwabe India Pvt Ltd,respiration,Jaborandi,4.4,210,115
SBL Ruta Graveolens Dilution 200 CH,SBL Pvt Ltd,eye,Ruta Graveolens,4.6,559,458
SBL Belladonna Dilution 200 CH,SBL Pvt Ltd,digestion,Belladonna,4.6,1016,88
Dr Willmar Schwabe India Hydrastis Canadensis Mother Tincture Q,Dr Willmar Schwabe India Pvt Ltd,eye,Hydrastis canadensis,4.6,133,162
SBL Drops No. 4 (For BP),SBL Pvt Ltd,blood,Rauvolfia serpentine,4.5,257,101
SBL Bio-Combination 17 Tablet,SBL Pvt Ltd,digestion,Calcarea fluorica,4.5,267,132
SBL Silicea Dilution 200 CH,SBL Pvt Ltd,bone,Silicon dioxide,4.5,471,101
Dr Willmar Schwabe India Dizester Digestive Tonic Sugar Free,Dr Willmar Schwabe India Pvt Ltd,respiration,Foeniculum vulgare,4.3,297,189
Dr Willmar Schwabe India Phytolacca Berry Mother Tincture Q,Dr Willmar Schwabe India Pvt Ltd,digestion,Phytolacca Berry,4.4,199,104
Dr. Reckeweg Sulphur Dilution 200 CH,Dr Reckeweg & Co,skin,Sugar of milk,4.5,324,453
Dr. Reckeweg R81 Analgesic Drop,Dr Reckeweg & Co,other,Belladonna,4.6,177,140
ADEL 82 Hepat Liver Tonic Drop,Adel Pekana Germany,blood,Boldo,4.5,84,91
Hapdco Aqui Plus Face Wash,HAPDCO,skin,Rose Extract,4.3,154,98
SBL Ginseng Mother Tincture Q,SBL Pvt Ltd,heart,Ginseng,4.4,187,329
SBL Vertefine Drop,SBL Pvt Ltd,bone,Berberies vulgaris 3x,4.4,283,216
Essentia Aurea Gold Drop,Dr Willmar Schwabe India Pvt Ltd,heart,Crataegus Oxycatha,4.5,292,144
Dr. Reckeweg Cholesterinum Trituration Tablet 3X,Dr Reckeweg & Co,other,Cholesterinum,4.6,166,241
ADEL 51 Psy-Stabil Drop,Adel Pekana Germany,mental health,Acidum Phosphoricum 6X,4.6,133,427
SBL Swertia Chirata Mother Tincture Q,SBL Pvt Ltd,other,Swerita Chirata,4.6,205,87
Dr Willmar Schwabe India Alpha - MP Drop,Dr Willmar Schwabe India Pvt Ltd,other,ALPHA-MP,4.4,232,321
Dr. Reckeweg Ginseng Mother Tincture Q,Dr Reckeweg & Co,other,Ginseng,4.5,170,132
Medisynth Jondila Forte Syrup,Medisynth Chemicals Pvt Ltd,other,Carduus marianus,4.5,83,184
Adven Osteodin-Z Oral Drops (25ml Each),Adven Biotech Pvt Ltd,bone,Dulcamara,4.4,130,216
SBL Acidum Phosphoricum Mother Tincture Q,SBL Pvt Ltd,other,Acidum Phosphoricum,4.5,234,266
Dr Willmar Schwabe Germany Damiaplant Drop,Dr Willmar Schwabe India Pvt Ltd,other,Damiana,4.1,147,132
SBL Caladium Seguinum Dilution 200 CH,SBL Pvt Ltd,sexual,Caladium Seguinum,4.2,615,110
SBL Diaboherb Capsule,SBL Pvt Ltd,other,Syzygium Cumini,4.4,66,266
SBL Nixocid Syrup,SBL Pvt Ltd,digestion,Natrum phosphoricum 3x,4.5,252,272
SBL Thuja Occidentalis Mother Tincture Q,SBL Pvt Ltd,skin,Thuja Occidentalis,4.5,205,550
ADEL 17 Glautaract Drop,Adel Pekana Germany,other,Manganum aceticum,4.5,153,113
SBL Sulphur Dilution 30 CH,SBL Pvt Ltd,other,Berberis vulgaris,4.4,951,535
Dr Willmar Schwabe India Chelidonium Majus Mother Tincture Q,Dr Willmar Schwabe India Pvt Ltd,other,Urtica Urens,4.6,357,103
SBL Hypericum Perforatum Dilution 200 CH,SBL Pvt Ltd,digestion,Natrum phosphoricum,4.6,397,440
Dr. Reckeweg R8 Jut-U-Sin Cough Syrup,Dr Reckeweg & Co,other,Ferrum phosphoricum 3x,4.6,157,268
Dr Willmar Schwabe India Zauber Hair Drop,Dr Willmar Schwabe India Pvt Ltd,other,Arsenicum album,4.3,21,135
ADEL 21 Proscenat Drop,Adel Pekana Germany,other,Sabal Serrulata,4.5,124,262
SBL Fucus Vesiculosus Mother Tincture Q,SBL Pvt Ltd,digestion,Carbo Vegetabilis,4.6,122,114
Dr. Reckeweg R70 Neuralgia Drop,Dr Reckeweg & Co,mental health,Alfalfa,4.4,145,88
SBL Hepar Sulphur Dilution 200 CH,SBL Pvt Ltd,other,Syzgium Jambolanum,4.6,572,133
Dr. Reckeweg Titanium Trituration Tablet 3X,Dr Reckeweg & Co,other,Bryonia alba3x,4.3,82,100
Dr. Reckeweg Kalmegh Mother Tincture Q,Dr Reckeweg & Co,skin,Thuja occidentalis M,4.7,156,441
Wheezal Mel-X Melasma Cream,Wheezal Homeo Pharma,respiration,Arsenicum album 6x,4.2,94,175
Dr Willmar Schwabe India Passiflora Incarnata Mother Tincture Q,Dr Willmar Schwabe India Pvt Ltd,heart,Chelidonium,4.6,285,266
SBL Bio-Combination 28 Tablet,SBL Pvt Ltd,heart,Calcarea phosphorica 3x,4.5,266,135
SBL Arsenicum Album Dilution 200 CH,SBL Pvt Ltd,mental health,Sabal serrulata mother tincture,4.6,1126,238
Dr Willmar Schwabe India Alpha-Coff Cough Syrup,Dr Willmar Schwabe India Pvt Ltd,mental health,Acidum phosphoricum D3,4.5,374,101
Dr. Reckeweg Wiesbaden Dilution 30 CH,Dr Reckeweg & Co,mental health,Acidum Phosphoricum D2 4,4.2,258,216
SBL Alfalfa Tonic Paediatric,SBL Pvt Ltd,heart,Cactus D2,4.4,230,329
SBL Withania Somnifera Mother Tincture Q,SBL Pvt Ltd,respiration,Cactus D2,4.6,234,119
SBL Kali Bichromicum Dilution 30 CH,SBL Pvt Ltd,mental health,Argentum nitricum,4.5,338,110
Dr. Reckeweg Damiana Mother Tincture Q,Dr Reckeweg & Co,skin,Thuja Occidentalis MT,4.5,146,97
Dr Willmar Schwabe India Rauwolfia Serpentina Mother Tincture Q,Dr Willmar Schwabe India Pvt Ltd,skin,Calcarea Fluorica,4.5,226,101
Dr Willmar Schwabe India Topi Thuja Cream,Dr Willmar Schwabe India Pvt Ltd,eye,Cephalandra Indica,4.2,256,105
SBL Gelsemium Sempervirens Dilution 30 CH,SBL Pvt Ltd,eye,Carduus Marianus,4.6,467,130
Medisynth Diabekoll Non-Sugar Syrup,Medisynth Chemicals Pvt Ltd,eye,Ethanol,4.4,77,135
SBL Causticum Dilution 200 CH,SBL Pvt Ltd,digestion,Helonias dioica D3,4.5,444,92
ADEL 2 Apo-Ham Drop,Adel Pekana Germany,skin,Syzgium Jambolanum,4.6,137,88
Dr. Reckeweg Chelidonium Maj Mother Tincture Q,Dr Reckeweg & Co,eye,Euphrasia Officinalis Q,4.7,170,224
SBL Calcarea Fluorica Biochemic Tablet 12X,SBL Pvt Ltd,digestion,Naturm phosphoricum,4.5,1123,97
Bakson's Natrum Sulphuricum Biochemic Tablet 6X,Bakson's Homeopathy,skin,Ferrum phosphoricum,4.5,35,70
Bakson's Natrum Sulphuricum Biochemic Tablet 6X,Bakson's Homeopathy,digestion,Carduus Marianus,4.5,35,88
Bakson's Natrum Sulphuricum Biochemic Tablet 6X,Bakson's Homeopathy,eye,Arnica Dilution,4.5,35,272
Bakson's Natrum Sulphuricum Biochemic Tablet 6X,Bakson's Homeopathy,sexual,Cydonia Vulgaris,4.5,35,215
ADEL 79 Ferrodona Tonic,Adel Pekana Germany,digestion,Lycopodium Clavatum,4.6,53,101
SBL Acid Chryso Ointment,SBL Pvt Ltd,bone,Mullein flower,4.2,154,260
Dr. Reckeweg Yohimbinum Mother Tincture Q,Dr Reckeweg & Co,digestion,Carbo Vegetabilis,4.4,88,1056
Dr Willmar Schwabe India Withania Somnifera (Aswagandha) Mother Tincture Q,Dr Willmar Schwabe India Pvt Ltd,skin,Apis mellifica,4.4,252,224
SBL Allium Sativum Mother Tincture Q,SBL Pvt Ltd,skin, Berberis aquifolium,4.7,210,97
SBL Natrum Muriaticum Biochemic Tablet 6X,SBL Pvt Ltd,mental health,Calcium,4.6,255,106
Bakson's Hair Color Dark Brown Sachet,Bakson's Homeopathy,bone,Calendula Officinalis,4.3,211,791
SBL Aesculus Ointment,SBL Pvt Ltd,skin,Berberis Vulgaris,4.5,183,67
SBL Apis Mellifica Dilution 30 CH,SBL Pvt Ltd,bone,Yohimbinum,4.6,347,365
ADEL 9 Cri-Regen Drop,Adel Pekana Germany,skin,Hydrocotyle,4.4,110,97
Wheezal Jaborandi Hair Treatment Oil,Wheezal Homeo Pharma,eye,"Cineraria maritima,Glycerinum,Phenyl Mercuric Nitrate,Aqua Distilled",4.3,503,92
Wheezal Jaborandi Hair Treatment Oil,Wheezal Homeo Pharma,heart,"Cactus grandiflorus.2X, Crataegus, Strophantus 4X, Camphora 2X, Aether, Sulfuricus. 1X, Aurum. Mur. Natr. 4X, Valeriana, Alcohol",4.3,503,95
Bakson's Ferrum Phosphoricum Biochemic Tablet 6X,Bakson's Homeopathy,digestion,Guatteria Gaumeri,4.5,20,45
Dr. Reckeweg Bacopa Monnieri (Brahmi) Mother Tincture Q,Dr Reckeweg & Co,skin,Sarracenia Purpurea,4.4,115,70
SBL Agnus Castus Mother Tincture Q,SBL Pvt Ltd,bone,Calcarea Phosphorica,4.2,152,89
Dr Willmar Schwabe India Ruck-Pain,Dr Willmar Schwabe India Pvt Ltd,sexual,"Acidum phosphoricum, Agnus castus, China, Conium, Damiana, Phosphorus, Sepia",4.3,45,240
SBL Pulsatilla Nigricans Dilution 200 CH,SBL Pvt Ltd,digestion,"Phenolphthalein 1x, Senna 1x and Sulphur 1x.",4.6,588,262
ADEL 36 Pollon Drop,Adel Pekana Germany,digestion,"Phenolphthalein 1x, Senna 1x and Sulphur 1x.",4.3,164,141
Dr. Reckeweg R17 Glandular Enlargement Drop,Dr Reckeweg & Co,digestion,"Phenolphthalein 1x, Senna 1x and Sulphur 1x.",4.5,106,590
Medisynth Jondila Sugar Free Syrup,Medisynth Chemicals Pvt Ltd,digestion,"Phenolphthalein 1x, Senna 1x and Sulphur 1x.",4.4,185,619
SBL Natrum Phosphoricum Biochemic Tablet 6X,SBL Pvt Ltd,bone,Thyroidinum 3X,4.7,281,230
SBL Hamamelis Virginica Mother Tincture Q,SBL Pvt Ltd,respiration,"Pulsatilla Nigricans 3, Justicia Adhatoda 3x, Rumex Crispus 3x, Ipecacuanha 3",4.5,199,101
Bakson's Spondy Aid Drop,Bakson's Homeopathy,respiration,"Pulsatilla Nigricans 3, Justicia Adhatoda 3x, Rumex Crispus 3x, Ipecacuanha 3",4.5,208,175
ADEL 6 Apo-Strum Drop,Adel Pekana Germany,bone,Berberis Vulgaris,4.4,107,101
SBL Cantharis Mother Tincture Q,SBL Pvt Ltd,bone,"Acidum sulfuricum, Argentum, Arnica, Bryonia, Causticum Hahnemann, Ledum",4.6,147,260
Dr. Reckeweg Bio-Combination 17 (BC 17) Tablet,Dr Reckeweg & Co,hair,"Hypophysis, Juglans, Kalium phosphoricum, Polysorbatum, Testes",4.3,151,255
SBL Calcarea Carbonica Dilution 200 CH,SBL Pvt Ltd,sexual,"Damiana Ø1x 10%, Ginseng Ø1x: 10%, Agnus castus 2x: 10%, Nuphar luteum 2x: 10%, Muira puama Ø1x: 10%",4.6,385,150
SBL Alfalfa Mother Tincture Q,SBL Pvt Ltd,hair,"Jaborandi, cantharis, thuja, china, calendula, arnica.",4.5,238,113
SBL Aspidosperma Quebracho Mother Tincture Q,SBL Pvt Ltd,joints,Nux Vomica,4.5,223,96
Dr. Reckeweg Arnica Mont Dilution 30 CH,Dr Reckeweg & Co,hair,"Acidum fluoricum 3x,Acidum phosphoricum 3x,Natrum muriaticum 3x,Calcarea phosphorica 3x,Badiaga 3x",4.6,434,132
SBL Pulsatilla Nigricans Dilution 30 CH,SBL Pvt Ltd,digestion,"Berberis vulgaris Q, Sarsaparilla Q, Ocimum canum Q, Solidago virgaurea Q, Pareira brava Q, Senecio aureus Q",4.6,588,154
Dr. Reckeweg R55 All Kinds Of Injuries Drop,Dr Reckeweg & Co,digestion,"Acidum nitricum, Aesculus, Collinsonia canadensis, Hamamelis, Kalium carbonicum",4.6,166,237
SBL Arnica Ointment,SBL Pvt Ltd,bone,"Cuprum metallicium 6X, Ruta graveolens 3X, Dulcamera 3X, Conium maculatum 3X, Ledum palustre 2X, Hypericum perforatum 5X, Colocynthis vulgaris 3X",4.6,207,322
SBL AT-Tabs Ant- Traumatic Tablet,SBL Pvt Ltd,digestion,"Chimaphila umbellata, Clematis, Conium, Ferrum picrinicum, Pareira brava, Populus tremul.",4.6,185,167
ADEL 55 Tinal Spondylitis Drop,Adel Pekana Germany,respiratory,"Ferrum phosphoricum 3x, Natrum muriaticum 3x, Kali sulphuricum 3x, Kali muriaticum 3x, Baptisia tinctoria 3x, Bryonia alba 3x, Causticum 3x, Eucalyptus globulus 3x, Gelsemium sempervirens 3x, Sabadilla 3x & Eupatorium perfoliatum 3x",4.6,85,101
ADEL 3 Apo-Hepat Drop,Adel Pekana Germany,respiratory,"Ferrum phosphoricum 3x, Natrum muriaticum 3x, Kali sulphuricum 3x, Kali muriaticum 3x, Baptisia tinctoria 3x, Bryonia alba 3x, Causticum 3x, Eucalyptus globulus 3x, Gelsemium sempervirens 3x, Sabadilla 3x & Eupatorium perfoliatum 3x",4.5,105,95
Homoeo Laboratories Den-Tonic Teething Pills,Homoeo Laboratories,respiratory,"Ferrum phosphoricum 3x, Natrum muriaticum 3x, Kali sulphuricum 3x, Kali muriaticum 3x, Baptisia tinctoria 3x, Bryonia alba 3x, Causticum 3x, Eucalyptus globulus 3x, Gelsemium sempervirens 3x, Sabadilla 3x & Eupatorium perfoliatum 3x",4.5,107,194
SBL Natrum Muriaticum Dilution 30 CH,SBL Pvt Ltd,bone,Colocynth 3x,4.5,432,121
Dr. Reckeweg Belladonna Dilution 30 CH,Dr Reckeweg & Co,sexual,Avena Sativa,4.8,303,88
SBL Silicea Biochemic Tablet 6X,SBL Pvt Ltd,digestion,Arsenicum album,4.5,326,243
Dr. Reckeweg Thyroidinum Trituration Tablet 3X,Dr Reckeweg & Co,respiration,Caladium Seguinum,4.5,126,68
,,,,,,145
,,,,,,266
,,,,,,268
,,,,,,94
,,,,,,448
,,,,,,90
,,,,,,131
,,,,,,97
,,,,,,217
,,,,,,135
,,,,,,177
,,,,,,114
,,,,,,70
,,,,,,97
,,,,,,90
,,,,,,488
,,,,,,163
,,,,,,224
,,,,,,163
,,,,,,167
,,,,,,243
,,,,,,170
,,,,,,140
,,,,,,255
,,,,,,154
,,,,,,163
,,,,,,342
,,,,,,275
,,,,,,99
,,,,,,167
,,,,,,243
,,,,,,295
,,,,,,135
,,,,,,144
,,,,,,88
,,,,,,339
,,,,,,92
,,,,,,150
,,,,,,97
,,,,,,131
,,,,,,92
,,,,,,243
,,,,,,68
,,,,,,238
,,,,,,114
,,,,,,228
,,,,,,294
,,,,,,224
,,,,,,189
,,,,,,132
,,,,,,88
,,,,,,162
,,,,,,88
,,,,,,374
,,,,,,154
,,,,,,128
,,,,,,90
,,,,,,127
,,,,,,163
,,,,,,243
,,,,,,273
,,,,,,158
,,,,,,270
,,,,,,40
,,,,,,88
,,,,,,87
,,,,,,90
,,,,,,220
,,,,,,154
,,,,,,121
,,,,,,167
,,,,,,47
,,,,,,290
,,,,,,48
,,,,,,150
,,,,,,74
,,,,,,266
,,,,,,150
,,,,,,308
,,,,,,194
,,,,,,154
,,,,,,90
,,,,,,144
,,,,,,90
,,,,,,121
,,,,,,94
,,,,,,145
,,,,,,88
,,,,,,243
,,,,,,266
,,,,,,290
,,,,,,163
,,,,,,144
,,,,,,321
,,,,,,266
,,,,,,90
,,,,,,116
,,,,,,103
,,,,,,184
,,,,,,481
,,,,,,260
,,,,,,163
,,,,,,90
,,,,,,590
,,,,,,92
,,,,,,238
,,,,,,97
,,,,,,121
,,,,,,238
,,,,,,144
,,,,,,140
,,,,,,110
,,,,,,188
,,,,,,149
,,,,,,88
,,,,,,260
,,,,,,163
,,,,,,150
,,,,,,44
,,,,,,158
,,,,,,103
,,,,,,125
,,,,,,119
,,,,,,112
,,,,,,450
,,,,,,103
,,,,,,101
,,,,,,305
,,,,,,68
,,,,,,90
,,,,,,194
,,,,,,453
,,,,,,208
,,,,,,153
,,,,,,440
,,,,,,101
,,,,,,90
,,,,,,119
,,,,,,260
,,,,,,101
,,,,,,135
,,,,,,149
,,,,,,88
,,,,,,103
,,,,,,260
,,,,,,655
,,,,,,261
,,,,,,92
,,,,,,154
,,,,,,648
,,,,,,638
,,,,,,110
,,,,,,589
,,,,,,185
,,,,,,154
,,,,,,153
,,,,,,66
,,,,,,619
,,,,,,640
,,,,,,619
,,,,,,113
,,,,,,88
,,,,,,154
,,,,,,153
,,,,,,92
,,,,,,67
,,,,,,97
,,,,,,321
,,,,,,1100
,,,,,,440
,,,,,,272
,,,,,,177
,,,,,,90
,,,,,,84
,,,,,,94
,,,,,,132
,,,,,,90
,,,,,,121
,,,,,,189
,,,,,,159
,,,,,,97
,,,,,,109
,,,,,,90
,,,,,,266
,,,,,,266
,,,,,,243
,,,,,,97
,,,,,,444
,,,,,,145
,,,,,,97
,,,,,,82
,,,,,,90
,,,,,,329
,,,,,,119
,,,,,,116
,,,,,,420
,,,,,,103
,,,,,,185
,,,,,,99
,,,,,,144
,,,,,,104
,,,,,,114
,,,,,,132
,,,,,,96
,,,,,,101
,,,,,,92
,,,,,,76
,,,,,,162
,,,,,,106
,,,,,,120
,,,,,,92
,,,,,,367
,,,,,,114
,,,,,,172
,,,,,,290
,,,,,,141
,,,,,,273
,,,,,,110
,,,,,,69
,,,,,,105
,,,,,,62
,,,,,,243
,,,,,,249
,,,,,,115
,,,,,,158
,,,,,,229
,,,,,,242
,,,,,,307
,,,,,,123
,,,,,,194
,,,,,,148
,,,,,,90
,,,,,,144
,,,,,,150
,,,,,,99
,,,,,,76
,,,,,,158
,,,,,,114
,,,,,,101
,,,,,,101
,,,,,,90
,,,,,,81
,,,,,,642
,,,,,,307
,,,,,,189
,,,,,,114
,,,,,,260
,,,,,,141
,,,,,,67
,,,,,,242
